order_id,customer_id,product_id,quantity,order_date,revenue
1,331,40,1,2024-03-13,68
2,446,24,1,2024-09-05,120
3,318,14,2,2024-03-31,68
4,350,26,3,2024-08-03,360
5,95,38,4,2024-03-30,784
6,152,23,2,2024-01-29,240
7,311,22,1,2024-10-31,155
8,137,48,1,2024-08-07,121
9,247,19,3,2024-11-23,441
10,387,46,4,2024-08-02,120
11,243,3,3,2024-08-08,141
12,31,42,4,2024-02-11,520
13,40,19,4,2024-05-14,588
14,229,9,3,2024-02-11,582
15,36,28,2,2024-06-12,354
16,408,20,3,2024-12-26,228
17,223,45,3,2024-10-09,477
18,6,7,1,2024-02-27,37
19,322,14,1,2024-10-28,34
20,468,9,3,2024-11-17,582
21,220,19,3,2024-01-25,441
22,75,47,1,2024-03-13,79
23,4,14,4,2024-05-08,136
24,335,38,3,2024-03-27,588
25,134,36,2,2024-11-25,70
26,118,40,2,2024-06-01,136
27,369,17,2,2024-06-30,68
28,94,30,3,2024-05-04,276
29,486,9,4,2024-03-07,776
30,435,33,4,2024-01-06,440
31,62,25,1,2024-05-04,43
32,441,14,3,2024-11-09,102
33,194,11,4,2024-11-21,380
34,335,35,3,2024-02-22,567
35,203,41,1,2024-03-06,118
36,392,14,1,2024-11-09,34
37,26,30,1,2024-03-22,92
38,435,41,2,2024-03-27,236
39,173,4,3,2024-01-02,372
40,300,4,1,2024-07-22,124
41,133,28,3,2024-05-29,531
42,326,8,2,2024-10-19,96
43,410,2,2,2024-04-12,54
44,118,41,1,2024-01-24,118
45,324,46,1,2024-07-30,30
46,275,22,4,2024-03-05,620
47,212,41,3,2024-07-27,354
48,225,16,1,2024-09-07,22
49,20,29,4,2024-04-26,488
50,113,49,3,2024-04-25,39
51,140,48,1,2024-08-24,121
52,47,30,4,2024-04-14,368
53,1,12,4,2024-09-15,540
54,90,35,3,2024-02-15,567
55,142,11,4,2024-11-06,380
56,320,46,3,2024-11-26,90
57,38,50,3,2024-08-03,309
58,293,21,3,2024-10-27,354
59,382,21,2,2024-11-28,236
60,139,5,4,2024-01-24,96
61,356,48,3,2024-02-04,363
62,333,20,1,2024-01-24,76
63,491,37,2,2024-01-28,146
64,259,3,2,2024-01-16,94
65,161,44,4,2024-02-28,760
66,390,33,3,2024-08-30,330
67,178,9,4,2024-07-25,776
68,10,9,2,2024-09-27,388
69,261,4,3,2024-09-05,372
70,407,35,1,2024-09-23,189
71,138,17,3,2024-07-11,102
72,172,34,2,2024-11-30,30
73,386,24,1,2024-08-05,120
74,13,32,3,2024-04-24,534
75,168,1,1,2024-03-08,116
76,130,8,1,2024-10-25,48
77,84,45,2,2024-11-20,318
78,321,23,1,2024-03-15,120
79,319,47,4,2024-04-12,316
80,101,40,2,2024-10-23,136
81,329,12,4,2024-06-26,540
82,273,12,1,2024-08-02,135
83,265,46,4,2024-11-10,120
84,459,47,3,2024-02-08,237
85,399,15,1,2024-09-15,154
86,408,41,3,2024-07-22,354
87,38,19,4,2024-01-07,588
88,419,26,3,2024-02-18,360
89,94,29,1,2024-01-26,122
90,95,22,3,2024-06-09,465
91,305,40,4,2024-12-22,272
92,69,21,4,2024-06-24,472
93,318,38,4,2024-03-19,784
94,444,20,1,2024-01-02,76
95,236,29,4,2024-05-11,488
96,434,4,1,2024-10-02,124
97,334,7,3,2024-04-26,111
98,373,28,4,2024-06-12,708
99,376,28,3,2024-10-14,531
100,459,4,2,2024-01-28,248
101,137,22,3,2024-11-28,465
102,418,12,2,2024-01-01,270
103,76,45,3,2024-07-06,477
104,483,3,1,2024-02-25,47
105,35,22,3,2024-02-04,465
106,1,44,1,2024-04-21,190
107,296,2,1,2024-10-12,27
108,320,24,4,2024-11-05,480
109,406,34,1,2024-02-05,15
110,60,27,2,2024-08-04,34
111,320,41,4,2024-03-20,472
112,349,1,4,2024-11-09,464
113,328,8,3,2024-03-23,144
114,267,23,1,2024-03-05,120
115,361,38,1,2024-11-20,196
116,229,6,2,2024-05-07,256
117,270,22,3,2024-11-02,465
118,316,25,3,2024-01-22,129
119,286,18,4,2024-08-03,308
120,291,17,4,2024-04-16,136
121,213,12,4,2024-04-18,540
122,165,6,2,2024-12-22,256
123,5,26,2,2024-06-29,240
124,339,27,4,2024-12-21,68
125,379,8,3,2024-06-12,144
126,78,19,2,2024-03-08,294
127,410,42,3,2024-10-18,390
128,62,1,3,2024-06-28,348
129,132,29,1,2024-06-29,122
130,89,45,4,2024-06-17,636
131,237,49,1,2024-01-22,13
132,42,35,4,2024-03-06,756
133,89,40,4,2024-01-21,272
134,402,14,3,2024-04-09,102
135,296,35,4,2024-10-26,756
136,328,48,3,2024-04-12,363
137,295,45,3,2024-02-16,477
138,104,20,4,2024-02-08,304
139,14,49,3,2024-10-11,39
140,288,13,3,2024-11-05,159
141,179,38,3,2024-03-30,588
142,125,49,2,2024-03-25,26
143,422,46,3,2024-09-29,90
144,353,49,2,2024-12-01,26
145,23,8,2,2024-07-06,96
146,63,43,3,2024-06-07,126
147,143,20,3,2024-08-30,228
148,481,33,2,2024-03-13,220
149,153,26,2,2024-02-18,240
150,145,39,3,2024-04-10,579
151,225,21,3,2024-01-02,354
152,495,49,4,2024-08-31,52
153,450,42,2,2024-06-24,260
154,462,43,2,2024-08-25,84
155,309,41,4,2024-02-28,472
156,104,9,2,2024-12-18,388
157,104,24,1,2024-04-08,120
158,435,37,2,2024-12-24,146
159,39,49,4,2024-01-02,52
160,435,41,1,2024-08-30,118
161,198,17,3,2024-10-23,102
162,134,24,4,2024-07-29,480
163,67,21,4,2024-05-02,472
164,391,39,3,2024-08-16,579
165,179,41,4,2024-03-22,472
166,456,39,2,2024-05-23,386
167,42,13,3,2024-05-19,159
168,448,11,4,2024-01-29,380
169,500,46,3,2024-09-26,90
170,15,19,3,2024-09-03,441
171,111,11,3,2024-01-12,285
172,157,13,1,2024-12-20,53
173,289,46,4,2024-12-02,120
174,500,45,1,2024-04-15,159
175,478,1,4,2024-02-01,464
176,231,40,2,2024-03-14,136
177,411,44,2,2024-06-19,380
178,420,19,2,2024-12-02,294
179,157,12,4,2024-03-09,540
180,38,8,3,2024-10-27,144
181,441,8,3,2024-12-27,144
182,97,45,1,2024-05-16,159
183,485,12,1,2024-04-09,135
184,411,48,2,2024-05-25,242
185,439,33,1,2024-01-09,110
186,289,45,4,2024-03-02,636
187,254,26,4,2024-07-03,480
188,196,39,1,2024-01-29,193
189,86,28,1,2024-04-23,177
190,322,5,1,2024-05-22,24
191,10,8,1,2024-04-29,48
192,5,25,2,2024-06-18,86
193,123,27,2,2024-06-05,34
194,330,46,1,2024-11-30,30
195,353,23,4,2024-12-14,480
196,118,30,2,2024-09-16,184
197,294,45,4,2024-03-22,636
198,397,47,3,2024-08-29,237
199,159,23,4,2024-06-20,480
200,303,49,1,2024-08-18,13
201,228,47,3,2024-07-26,237
202,365,20,2,2024-03-15,152
203,216,18,2,2024-09-26,154
204,436,18,3,2024-04-23,231
205,184,2,4,2024-03-02,108
206,15,4,2,2024-12-27,248
207,157,30,1,2024-11-15,92
208,136,33,3,2024-04-11,330
209,261,36,1,2024-12-27,35
210,157,18,3,2024-07-28,231
211,47,37,2,2024-09-11,146
212,324,19,4,2024-01-20,588
213,332,47,3,2024-02-27,237
214,173,28,3,2024-04-21,531
215,130,40,1,2024-11-08,68
216,411,20,2,2024-07-14,152
217,95,49,1,2024-12-18,13
218,115,33,2,2024-04-01,220
219,243,12,1,2024-02-21,135
220,420,15,3,2024-10-19,462
221,292,41,1,2024-01-08,118
222,282,39,4,2024-10-26,772
223,299,2,2,2024-04-07,54
224,283,29,2,2024-08-23,244
225,69,41,3,2024-03-09,354
226,148,10,2,2024-02-14,52
227,11,2,4,2024-05-16,108
228,254,11,1,2024-08-21,95
229,330,13,3,2024-02-01,159
230,360,10,4,2024-10-15,104
231,38,14,2,2024-05-05,68
232,134,18,2,2024-03-07,154
233,200,9,4,2024-01-30,776
234,23,39,1,2024-04-23,193
235,303,28,1,2024-07-22,177
236,346,3,3,2024-01-29,141
237,302,20,2,2024-05-10,152
238,363,6,4,2024-07-03,512
239,396,27,1,2024-09-09,17
240,218,2,3,2024-10-12,81
241,141,29,2,2024-03-02,244
242,104,38,2,2024-01-03,392
243,446,3,3,2024-03-08,141
244,210,16,3,2024-01-25,66
245,473,30,1,2024-06-27,92
246,481,40,4,2024-05-20,272
247,111,2,2,2024-08-18,54
248,104,17,4,2024-10-26,136
249,316,41,2,2024-06-11,236
250,171,12,2,2024-11-06,270
251,460,35,4,2024-05-09,756
252,492,43,3,2024-09-02,126
253,356,1,1,2024-10-23,116
254,496,45,2,2024-06-20,318
255,324,15,3,2024-03-04,462
256,133,26,2,2024-01-31,240
257,376,37,1,2024-02-16,73
258,293,21,2,2024-05-09,236
259,328,49,1,2024-12-17,13
260,127,31,1,2024-11-28,51
261,106,25,2,2024-04-19,86
262,497,23,2,2024-03-09,240
263,92,24,1,2024-02-27,120
264,287,38,3,2024-04-15,588
265,378,28,4,2024-10-26,708
266,393,21,1,2024-11-25,118
267,51,43,2,2024-09-12,84
268,29,18,2,2024-11-07,154
269,462,36,3,2024-06-19,105
270,296,35,4,2024-06-10,756
271,297,45,1,2024-10-12,159
272,214,9,1,2024-03-11,194
273,267,38,4,2024-09-11,784
274,407,30,1,2024-02-24,92
275,257,44,4,2024-11-18,760
276,302,34,2,2024-01-03,30
277,101,32,4,2024-01-26,712
278,405,3,1,2024-11-08,47
279,346,3,4,2024-05-05,188
280,110,28,3,2024-02-22,531
281,420,44,2,2024-07-16,380
282,182,15,2,2024-10-25,308
283,471,41,4,2024-07-06,472
284,313,23,1,2024-07-04,120
285,1,40,3,2024-10-31,204
286,319,11,2,2024-10-24,190
287,438,48,2,2024-07-22,242
288,55,32,1,2024-01-11,178
289,371,36,1,2024-12-24,35
290,424,33,3,2024-12-19,330
291,399,24,4,2024-05-25,480
292,149,39,1,2024-03-25,193
293,431,34,4,2024-04-09,60
294,457,28,3,2024-04-13,531
295,309,37,4,2024-02-15,292
296,137,7,2,2024-02-13,74
297,202,4,4,2024-10-04,496
298,436,37,3,2024-06-29,219
299,313,1,3,2024-07-05,348
300,117,1,3,2024-04-23,348
301,154,47,4,2024-09-11,316
302,425,20,2,2024-01-30,152
303,291,19,1,2024-09-20,147
304,63,29,2,2024-04-07,244
305,244,10,4,2024-11-08,104
306,25,18,4,2024-11-24,308
307,90,28,1,2024-04-24,177
308,75,35,4,2024-10-02,756
309,294,43,3,2024-10-07,126
310,386,47,3,2024-10-01,237
311,391,31,3,2024-09-17,153
312,210,27,3,2024-11-26,51
313,475,11,3,2024-07-25,285
314,418,49,4,2024-11-23,52
315,347,49,1,2024-07-29,13
316,17,38,1,2024-08-02,196
317,128,5,3,2024-02-09,72
318,427,8,4,2024-01-26,192
319,443,34,2,2024-01-27,30
320,364,48,2,2024-07-08,242
321,251,12,4,2024-03-23,540
322,179,38,3,2024-06-18,588
323,182,1,1,2024-06-15,116
324,152,31,4,2024-07-06,204
325,25,4,2,2024-06-17,248
326,455,49,2,2024-10-15,26
327,180,45,2,2024-08-16,318
328,198,50,3,2024-04-06,309
329,344,5,2,2024-01-16,48
330,161,30,4,2024-10-05,368
331,177,24,4,2024-05-14,480
332,285,3,2,2024-01-26,94
333,63,11,4,2024-12-17,380
334,491,45,2,2024-01-12,318
335,150,4,2,2024-03-12,248
336,154,26,1,2024-05-12,120
337,156,27,3,2024-04-15,51
338,370,46,3,2024-08-07,90
339,469,43,1,2024-06-25,42
340,49,27,1,2024-10-08,17
341,455,42,3,2024-05-12,390
342,337,50,2,2024-01-22,206
343,84,6,2,2024-09-25,256
344,361,15,3,2024-06-09,462
345,177,30,2,2024-04-16,184
346,148,42,1,2024-10-05,130
347,118,37,2,2024-12-18,146
348,342,37,2,2024-08-22,146
349,476,42,4,2024-01-18,520
350,63,37,4,2024-08-29,292
351,189,35,4,2024-04-26,756
352,360,23,2,2024-10-12,240
353,49,6,3,2024-10-08,384
354,327,4,1,2024-05-23,124
355,257,18,2,2024-07-23,154
356,224,9,3,2024-02-08,582
357,141,49,2,2024-06-02,26
358,478,29,1,2024-06-24,122
359,215,13,2,2024-08-28,106
360,435,47,1,2024-05-13,79
361,379,17,2,2024-02-15,68
362,440,45,1,2024-02-19,159
363,211,32,2,2024-06-14,356
364,318,48,1,2024-04-15,121
365,32,22,4,2024-08-03,620
366,158,4,2,2024-05-25,248
367,285,5,2,2024-03-12,48
368,305,37,3,2024-11-25,219
369,429,41,3,2024-09-29,354
370,477,49,1,2024-09-03,13
371,286,13,2,2024-07-04,106
372,144,34,1,2024-03-10,15
373,424,45,4,2024-05-29,636
374,19,22,3,2024-09-02,465
375,18,23,1,2024-09-18,120
376,257,3,1,2024-01-26,47
377,78,42,3,2024-05-19,390
378,371,34,2,2024-04-08,30
379,175,32,1,2024-10-04,178
380,498,45,3,2024-02-20,477
381,194,49,2,2024-05-30,26
382,476,21,4,2024-04-13,472
383,113,46,3,2024-03-29,90
384,114,44,1,2024-05-20,190
385,222,21,4,2024-07-31,472
386,166,44,2,2024-08-20,380
387,435,11,2,2024-07-01,190
388,319,39,3,2024-09-07,579
389,132,4,3,2024-01-09,372
390,385,1,3,2024-03-19,348
391,264,28,2,2024-02-21,354
392,413,24,4,2024-09-25,480
393,55,35,2,2024-08-13,378
394,359,13,1,2024-02-20,53
395,131,47,2,2024-07-04,158
396,288,34,1,2024-02-03,15
397,266,11,4,2024-10-17,380
398,458,36,3,2024-08-17,105
399,467,17,3,2024-05-10,102
400,366,35,2,2024-04-29,378
401,162,18,3,2024-11-21,231
402,380,40,4,2024-09-03,272
403,481,22,3,2024-07-10,465
404,87,24,2,2024-11-18,240
405,55,19,4,2024-07-28,588
406,476,37,1,2024-04-12,73
407,288,39,2,2024-11-24,386
408,178,21,1,2024-05-12,118
409,391,8,4,2024-11-18,192
410,349,28,2,2024-05-18,354
411,8,5,2,2024-04-30,48
412,321,17,4,2024-04-03,136
413,313,37,3,2024-05-08,219
414,247,36,2,2024-03-31,70
415,323,19,2,2024-04-01,294
416,472,27,1,2024-03-03,17
417,471,34,3,2024-01-29,45
418,443,11,1,2024-07-28,95
419,255,45,1,2024-01-12,159
420,328,47,3,2024-11-28,237
421,54,12,3,2024-10-23,405
422,249,21,4,2024-05-09,472
423,239,11,3,2024-10-19,285
424,229,39,2,2024-06-21,386
425,67,28,3,2024-07-26,531
426,51,5,4,2024-01-24,96
427,97,17,4,2024-04-08,136
428,92,20,4,2024-12-21,304
429,495,41,3,2024-05-18,354
430,264,46,3,2024-11-09,90
431,418,12,1,2024-06-22,135
432,291,6,1,2024-01-29,128
433,96,17,2,2024-05-22,68
434,88,19,1,2024-11-11,147
435,78,26,2,2024-12-16,240
436,288,48,4,2024-02-11,484
437,120,44,1,2024-10-25,190
438,302,44,3,2024-07-26,570
439,491,32,1,2024-11-25,178
440,400,6,2,2024-07-10,256
441,452,36,1,2024-06-08,35
442,500,38,4,2024-03-04,784
443,165,11,3,2024-08-30,285
444,182,33,2,2024-09-14,220
445,469,24,3,2024-05-31,360
446,398,23,3,2024-08-02,360
447,223,15,2,2024-11-17,308
448,311,27,3,2024-06-14,51
449,432,11,3,2024-01-31,285
450,466,50,1,2024-08-19,103
451,7,17,3,2024-10-08,102
452,330,14,3,2024-01-29,102
453,263,27,3,2024-07-13,51
454,161,18,3,2024-11-29,231
455,151,28,2,2024-09-12,354
456,85,47,4,2024-10-07,316
457,147,47,1,2024-10-30,79
458,112,4,3,2024-11-16,372
459,381,7,3,2024-11-18,111
460,403,45,2,2024-12-11,318
461,36,35,4,2024-10-20,756
462,285,48,3,2024-03-27,363
463,188,9,2,2024-05-28,388
464,82,8,1,2024-09-05,48
465,2,45,1,2024-11-16,159
466,385,17,3,2024-10-09,102
467,303,17,3,2024-12-27,102
468,197,49,4,2024-07-16,52
469,404,33,4,2024-02-13,440
470,11,32,3,2024-12-21,534
471,234,8,2,2024-01-28,96
472,386,19,4,2024-01-17,588
473,195,38,3,2024-05-06,588
474,471,3,4,2024-06-16,188
475,119,5,3,2024-08-31,72
476,396,13,1,2024-03-16,53
477,20,47,3,2024-08-18,237
478,261,46,1,2024-07-22,30
479,293,31,4,2024-09-04,204
480,422,16,3,2024-10-28,66
481,256,50,4,2024-08-01,412
482,222,32,1,2024-08-02,178
483,393,22,3,2024-06-06,465
484,226,29,4,2024-03-09,488
485,53,22,1,2024-03-25,155
486,428,43,4,2024-09-23,168
487,355,3,2,2024-03-09,94
488,500,10,1,2024-04-08,26
489,342,42,1,2024-12-12,130
490,364,21,1,2024-08-03,118
491,280,16,3,2024-06-09,66
492,81,12,3,2024-04-03,405
493,202,2,3,2024-06-22,81
494,158,41,2,2024-06-13,236
495,120,24,2,2024-04-24,240
496,59,35,1,2024-08-07,189
497,494,30,2,2024-01-31,184
498,215,30,4,2024-01-11,368
499,128,47,1,2024-12-08,79
500,224,35,1,2024-05-09,189
501,209,19,4,2024-04-14,588
502,370,50,1,2024-01-27,103
503,115,8,2,2024-08-14,96
504,209,26,3,2024-01-02,360
505,14,49,4,2024-12-24,52
506,9,40,2,2024-04-10,136
507,40,7,4,2024-01-21,148
508,450,30,4,2024-02-27,368
509,237,7,1,2024-06-28,37
510,281,3,1,2024-12-06,47
511,359,1,2,2024-12-14,232
512,201,36,4,2024-01-20,140
513,246,25,1,2024-09-11,43
514,278,37,1,2024-11-12,73
515,235,1,4,2024-02-07,464
516,494,15,2,2024-05-27,308
517,4,37,2,2024-01-25,146
518,154,13,4,2024-04-30,212
519,442,40,2,2024-01-26,136
520,29,8,1,2024-06-17,48
521,109,5,4,2024-11-18,96
522,98,9,1,2024-08-12,194
523,215,1,3,2024-01-01,348
524,293,36,3,2024-11-02,105
525,75,35,2,2024-09-17,378
526,326,2,3,2024-01-13,81
527,146,40,1,2024-02-17,68
528,128,23,3,2024-11-08,360
529,341,9,1,2024-10-17,194
530,42,34,2,2024-11-27,30
531,356,46,2,2024-04-03,60
532,41,14,1,2024-09-17,34
533,422,4,3,2024-10-04,372
534,34,30,2,2024-12-24,184
535,17,31,4,2024-07-23,204
536,165,38,2,2024-07-03,392
537,153,11,3,2024-06-23,285
538,486,35,4,2024-11-04,756
539,378,8,3,2024-03-09,144
540,76,3,1,2024-04-13,47
541,87,14,4,2024-09-02,136
542,117,13,3,2024-06-09,159
543,362,45,4,2024-07-18,636
544,342,32,3,2024-08-03,534
545,469,34,4,2024-07-30,60
546,27,45,3,2024-01-16,477
547,313,19,1,2024-11-27,147
548,287,38,4,2024-07-23,784
549,134,16,4,2024-12-30,88
550,219,2,4,2024-02-08,108
551,168,40,4,2024-03-29,272
552,98,17,1,2024-09-12,34
553,268,34,4,2024-09-10,60
554,237,42,2,2024-08-03,260
555,309,16,1,2024-10-29,22
556,455,38,2,2024-06-20,392
557,394,2,4,2024-05-16,108
558,173,2,3,2024-06-26,81
559,401,26,2,2024-03-17,240
560,410,13,4,2024-07-06,212
561,469,47,2,2024-01-15,158
562,476,31,4,2024-10-18,204
563,190,34,4,2024-11-14,60
564,122,39,4,2024-11-20,772
565,46,3,3,2024-08-01,141
566,64,8,2,2024-07-26,96
567,130,23,1,2024-06-17,120
568,310,14,1,2024-11-25,34
569,363,27,1,2024-10-06,17
570,193,29,1,2024-10-31,122
571,307,39,4,2024-05-25,772
572,181,39,2,2024-09-19,386
573,292,1,2,2024-01-04,232
574,371,17,3,2024-03-30,102
575,282,41,2,2024-02-29,236
576,29,30,2,2024-11-06,184
577,149,13,2,2024-01-16,106
578,267,21,3,2024-08-14,354
579,296,19,1,2024-01-29,147
580,11,19,2,2024-05-30,294
581,164,25,3,2024-09-01,129
582,113,22,3,2024-09-26,465
583,187,31,4,2024-03-19,204
584,295,17,3,2024-10-15,102
585,232,23,1,2024-06-01,120
586,227,32,2,2024-10-03,356
587,310,10,3,2024-10-05,78
588,98,10,1,2024-02-26,26
589,55,36,3,2024-07-04,105
590,111,8,3,2024-04-02,144
591,152,20,3,2024-10-02,228
592,246,32,3,2024-06-06,534
593,406,50,3,2024-10-01,309
594,69,14,1,2024-06-29,34
595,312,50,2,2024-12-24,206
596,289,28,2,2024-03-17,354
597,250,46,2,2024-05-30,60
598,36,24,2,2024-08-25,240
599,239,15,1,2024-10-15,154
600,148,22,4,2024-08-18,620
601,467,30,4,2024-01-18,368
602,227,4,1,2024-03-13,124
603,244,13,1,2024-07-07,53
604,491,23,3,2024-01-17,360
605,337,8,3,2024-01-19,144
606,446,18,3,2024-08-06,231
607,365,12,2,2024-11-21,270
608,491,31,3,2024-04-29,153
609,482,14,4,2024-04-10,136
610,201,34,2,2024-02-03,30
611,154,18,3,2024-03-24,231
612,450,34,2,2024-07-14,30
613,73,11,4,2024-11-25,380
614,201,41,3,2024-07-20,354
615,296,12,4,2024-12-09,540
616,17,49,4,2024-12-06,52
617,129,15,4,2024-01-11,616
618,217,31,3,2024-12-12,153
619,61,49,1,2024-08-05,13
620,427,29,3,2024-09-09,366
621,104,26,4,2024-08-09,480
622,42,18,3,2024-03-20,231
623,25,32,4,2024-01-07,712
624,39,22,1,2024-09-28,155
625,291,38,2,2024-08-14,392
626,131,17,1,2024-01-16,34
627,498,23,1,2024-01-12,120
628,229,24,2,2024-10-17,240
629,108,50,3,2024-08-28,309
630,172,8,2,2024-01-21,96
631,435,41,3,2024-06-26,354
632,478,6,3,2024-08-15,384
633,102,5,4,2024-09-29,96
634,354,44,4,2024-10-14,760
635,12,29,2,2024-10-23,244
636,275,28,1,2024-05-13,177
637,101,11,2,2024-10-09,190
638,44,1,3,2024-06-01,348
639,443,43,4,2024-03-06,168
640,305,19,2,2024-05-16,294
641,445,9,2,2024-04-01,388
642,17,27,4,2024-11-12,68
643,330,34,4,2024-09-15,60
644,57,44,4,2024-04-12,760
645,311,4,3,2024-02-24,372
646,497,36,4,2024-09-13,140
647,303,18,1,2024-04-10,77
648,12,15,2,2024-07-16,308
649,318,13,4,2024-10-27,212
650,80,19,4,2024-08-13,588
651,216,49,3,2024-08-24,39
652,339,6,3,2024-01-26,384
653,264,48,2,2024-04-30,242
654,479,12,1,2024-06-30,135
655,149,37,2,2024-07-17,146
656,81,17,4,2024-10-28,136
657,215,23,1,2024-09-11,120
658,485,26,1,2024-05-01,120
659,374,29,1,2024-01-31,122
660,464,33,1,2024-11-10,110
661,198,27,2,2024-10-11,34
662,200,25,3,2024-04-15,129
663,25,10,3,2024-08-11,78
664,466,47,4,2024-09-29,316
665,89,23,3,2024-08-19,360
666,268,21,3,2024-09-12,354
667,143,21,3,2024-01-24,354
668,59,43,3,2024-04-18,126
669,410,13,4,2024-07-09,212
670,489,37,2,2024-12-12,146
671,365,33,1,2024-01-25,110
672,26,24,3,2024-07-05,360
673,47,44,2,2024-10-14,380
674,288,11,3,2024-04-25,285
675,266,17,3,2024-12-03,102
676,16,4,1,2024-02-06,124
677,199,47,1,2024-10-08,79
678,401,25,1,2024-05-16,43
679,407,30,3,2024-08-14,276
680,282,9,3,2024-11-15,582
681,469,21,3,2024-11-23,354
682,86,20,1,2024-06-30,76
683,250,19,4,2024-12-27,588
684,391,19,2,2024-03-26,294
685,270,12,4,2024-02-22,540
686,335,37,3,2024-12-13,219
687,117,42,3,2024-12-20,390
688,7,17,4,2024-08-22,136
689,137,37,3,2024-09-23,219
690,371,48,2,2024-10-13,242
691,176,39,3,2024-04-09,579
692,328,28,2,2024-03-27,354
693,498,41,4,2024-01-15,472
694,315,35,4,2024-04-10,756
695,215,47,3,2024-06-13,237
696,477,48,2,2024-01-29,242
697,82,18,3,2024-04-23,231
698,223,14,1,2024-04-16,34
699,478,35,1,2024-12-29,189
700,372,44,1,2024-05-09,190
701,423,41,1,2024-03-24,118
702,483,7,3,2024-09-27,111
703,402,41,1,2024-08-31,118
704,443,13,2,2024-08-01,106
705,490,18,4,2024-11-01,308
706,103,37,4,2024-06-14,292
707,273,13,1,2024-10-05,53
708,14,36,1,2024-02-28,35
709,159,31,1,2024-03-30,51
710,152,2,3,2024-11-26,81
711,483,16,4,2024-07-12,88
712,108,9,1,2024-05-02,194
713,188,9,2,2024-05-15,388
714,301,38,1,2024-05-18,196
715,98,11,4,2024-08-16,380
716,131,22,1,2024-09-30,155
717,293,33,4,2024-02-19,440
718,171,36,1,2024-04-27,35
719,424,45,2,2024-07-20,318
720,474,23,1,2024-07-09,120
721,183,45,2,2024-12-29,318
722,471,45,2,2024-11-18,318
723,364,34,1,2024-06-29,15
724,39,9,2,2024-03-18,388
725,15,24,3,2024-03-15,360
726,376,8,1,2024-10-21,48
727,497,7,1,2024-10-07,37
728,4,36,2,2024-01-21,70
729,349,18,2,2024-06-19,154
730,470,3,1,2024-01-15,47
731,409,28,3,2024-07-29,531
732,397,6,2,2024-02-17,256
733,210,44,2,2024-03-26,380
734,161,44,4,2024-05-28,760
735,16,21,3,2024-07-06,354
736,493,28,3,2024-11-01,531
737,426,40,1,2024-05-30,68
738,108,1,3,2024-05-20,348
739,382,36,1,2024-03-09,35
740,450,21,4,2024-09-16,472
741,311,43,3,2024-11-29,126
742,227,35,2,2024-01-09,378
743,170,13,4,2024-04-30,212
744,34,49,1,2024-04-10,13
745,414,10,4,2024-05-28,104
746,251,44,1,2024-05-25,190
747,247,47,4,2024-12-18,316
748,269,10,1,2024-08-30,26
749,141,46,3,2024-08-28,90
750,274,13,2,2024-12-02,106
751,416,37,1,2024-02-12,73
752,96,38,4,2024-04-04,784
753,227,24,1,2024-08-13,120
754,379,2,1,2024-01-06,27
755,39,22,1,2024-08-01,155
756,302,17,4,2024-07-24,136
757,500,36,2,2024-03-07,70
758,29,14,3,2024-04-09,102
759,446,10,2,2024-01-12,52
760,497,35,1,2024-08-24,189
761,477,25,4,2024-11-17,172
762,318,3,2,2024-09-14,94
763,245,47,1,2024-12-02,79
764,236,38,3,2024-05-14,588
765,185,17,3,2024-08-09,102
766,272,12,3,2024-06-04,405
767,440,24,1,2024-05-21,120
768,236,29,4,2024-06-06,488
769,239,43,2,2024-11-21,84
770,377,25,3,2024-12-09,129
771,266,36,1,2024-09-18,35
772,414,26,1,2024-10-09,120
773,409,38,2,2024-12-03,392
774,359,1,3,2024-12-09,348
775,340,20,1,2024-08-16,76
776,389,28,2,2024-10-06,354
777,65,16,4,2024-12-23,88
778,478,47,4,2024-10-16,316
779,177,17,4,2024-06-16,136
780,3,40,3,2024-02-16,204
781,429,28,2,2024-07-21,354
782,142,12,2,2024-08-01,270
783,376,27,1,2024-09-02,17
784,158,42,1,2024-01-24,130
785,498,47,1,2024-11-16,79
786,324,30,2,2024-09-30,184
787,146,41,1,2024-02-13,118
788,446,34,2,2024-11-27,30
789,293,37,2,2024-11-08,146
790,153,6,4,2024-12-28,512
791,432,7,1,2024-06-04,37
792,193,32,4,2024-07-17,712
793,437,32,3,2024-06-10,534
794,494,25,3,2024-08-21,129
795,463,33,3,2024-06-11,330
796,73,7,2,2024-04-25,74
797,399,12,2,2024-04-02,270
798,305,16,2,2024-02-11,44
799,377,16,1,2024-10-10,22
800,344,43,4,2024-07-28,168
801,452,36,2,2024-07-24,70
802,140,13,4,2024-08-07,212
803,187,7,4,2024-10-06,148
804,293,36,4,2024-05-15,140
805,61,47,1,2024-04-15,79
806,485,9,1,2024-04-27,194
807,427,32,3,2024-08-24,534
808,380,11,3,2024-11-04,285
809,198,8,4,2024-04-09,192
810,295,33,3,2024-09-17,330
811,440,23,4,2024-10-31,480
812,319,25,1,2024-12-19,43
813,302,8,1,2024-10-12,48
814,344,45,1,2024-11-23,159
815,11,22,2,2024-04-12,310
816,62,4,4,2024-03-03,496
817,333,40,1,2024-06-23,68
818,226,3,4,2024-10-08,188
819,153,29,3,2024-10-19,366
820,199,41,3,2024-08-13,354
821,52,29,1,2024-01-07,122
822,260,34,4,2024-05-06,60
823,59,34,1,2024-04-01,15
824,72,28,3,2024-07-08,531
825,148,13,1,2024-12-24,53
826,349,15,4,2024-02-22,616
827,63,23,3,2024-08-29,360
828,310,44,2,2024-05-11,380
829,373,26,3,2024-12-29,360
830,243,4,2,2024-04-21,248
831,493,26,1,2024-01-07,120
832,366,40,1,2024-08-17,68
833,330,9,4,2024-06-04,776
834,107,5,2,2024-07-15,48
835,226,32,1,2024-11-18,178
836,313,20,2,2024-12-29,152
837,218,50,1,2024-08-10,103
838,425,11,3,2024-09-06,285
839,241,15,1,2024-03-23,154
840,259,32,4,2024-08-27,712
841,376,28,3,2024-12-25,531
842,262,22,4,2024-11-18,620
843,5,41,3,2024-09-19,354
844,261,17,2,2024-07-07,68
845,54,26,4,2024-10-16,480
846,47,44,1,2024-12-27,190
847,215,7,2,2024-02-27,74
848,177,42,1,2024-01-09,130
849,9,26,3,2024-10-30,360
850,99,25,3,2024-04-24,129
851,20,10,1,2024-07-28,26
852,378,45,1,2024-02-10,159
853,241,19,2,2024-10-30,294
854,61,11,1,2024-06-21,95
855,379,13,4,2024-08-21,212
856,490,8,4,2024-10-07,192
857,419,40,1,2024-03-18,68
858,178,4,4,2024-04-17,496
859,338,47,1,2024-10-07,79
860,62,31,2,2024-02-08,102
861,145,28,4,2024-04-28,708
862,216,11,4,2024-11-30,380
863,3,43,1,2024-12-01,42
864,160,1,4,2024-01-27,464
865,227,49,3,2024-04-13,39
866,486,47,2,2024-03-14,158
867,269,38,2,2024-07-09,392
868,120,24,4,2024-11-19,480
869,381,47,4,2024-05-26,316
870,495,31,3,2024-09-11,153
871,89,41,3,2024-10-10,354
872,329,46,4,2024-07-31,120
873,68,50,4,2024-05-02,412
874,398,26,3,2024-07-24,360
875,357,49,1,2024-08-27,13
876,98,50,3,2024-12-04,309
877,267,5,1,2024-10-12,24
878,105,20,2,2024-01-22,152
879,440,41,2,2024-09-15,236
880,323,11,3,2024-12-22,285
881,123,33,1,2024-04-14,110
882,476,50,3,2024-09-14,309
883,29,38,3,2024-07-22,588
884,137,27,1,2024-11-05,17
885,195,34,3,2024-09-18,45
886,409,15,2,2024-04-16,308
887,226,32,4,2024-09-07,712
888,332,21,4,2024-08-08,472
889,170,46,3,2024-08-09,90
890,9,5,1,2024-09-14,24
891,463,6,1,2024-07-19,128
892,40,38,2,2024-09-14,392
893,25,22,1,2024-12-14,155
894,261,18,1,2024-08-12,77
895,395,14,2,2024-07-20,68
896,443,10,3,2024-08-13,78
897,226,46,4,2024-08-23,120
898,472,13,2,2024-07-01,106
899,124,31,3,2024-07-18,153
900,463,30,2,2024-12-22,184
901,38,3,3,2024-09-02,141
902,328,30,2,2024-12-18,184
903,251,6,3,2024-04-20,384
904,389,29,2,2024-01-06,244
905,176,8,3,2024-08-23,144
906,90,44,2,2024-05-06,380
907,402,45,4,2024-04-13,636
908,454,43,4,2024-08-24,168
909,37,44,1,2024-06-03,190
910,316,33,3,2024-09-13,330
911,176,17,2,2024-08-22,68
912,461,48,3,2024-10-15,363
913,284,11,4,2024-02-09,380
914,453,13,3,2024-10-14,159
915,461,50,2,2024-07-15,206
916,81,11,3,2024-09-29,285
917,114,31,2,2024-09-20,102
918,40,28,4,2024-02-26,708
919,301,44,4,2024-10-24,760
920,224,6,4,2024-04-07,512
921,318,41,1,2024-05-16,118
922,349,16,4,2024-03-27,88
923,115,4,3,2024-08-29,372
924,186,35,1,2024-07-17,189
925,323,48,4,2024-11-05,484
926,56,26,3,2024-03-24,360
927,40,12,3,2024-08-29,405
928,354,11,3,2024-10-07,285
929,40,37,2,2024-11-18,146
930,347,25,1,2024-09-08,43
931,461,18,3,2024-07-08,231
932,237,19,2,2024-05-31,294
933,289,23,4,2024-10-28,480
934,262,38,3,2024-10-04,588
935,216,18,2,2024-05-18,154
936,147,26,3,2024-06-24,360
937,336,6,1,2024-01-08,128
938,168,4,1,2024-10-21,124
939,92,44,4,2024-08-22,760
940,353,29,3,2024-06-11,366
941,59,34,2,2024-02-18,30
942,59,17,4,2024-10-28,136
943,304,43,3,2024-02-07,126
944,169,43,4,2024-05-15,168
945,269,16,2,2024-11-05,44
946,363,2,4,2024-08-06,108
947,45,34,4,2024-12-13,60
948,345,8,4,2024-10-22,192
949,181,13,3,2024-02-03,159
950,170,42,2,2024-12-17,260
951,356,8,1,2024-03-19,48
952,191,30,3,2024-08-23,276
953,155,32,1,2024-09-29,178
954,422,36,1,2024-06-09,35
955,188,47,3,2024-06-23,237
956,7,30,3,2024-11-03,276
957,133,1,2,2024-08-08,232
958,235,43,2,2024-01-09,84
959,45,39,4,2024-10-15,772
960,314,17,1,2024-04-22,34
961,249,20,2,2024-07-23,152
962,499,24,4,2024-07-04,480
963,31,50,2,2024-12-06,206
964,23,22,3,2024-07-15,465
965,426,29,2,2024-09-22,244
966,394,22,1,2024-09-18,155
967,160,44,2,2024-09-04,380
968,363,9,1,2024-04-24,194
969,437,37,3,2024-04-30,219
970,158,10,1,2024-05-20,26
971,39,36,2,2024-03-05,70
972,415,37,4,2024-10-02,292
973,82,28,3,2024-11-08,531
974,356,28,2,2024-08-26,354
975,258,42,3,2024-10-28,390
976,206,43,3,2024-01-10,126
977,77,21,2,2024-08-20,236
978,477,24,2,2024-07-13,240
979,12,42,4,2024-01-12,520
980,295,40,3,2024-06-25,204
981,450,2,3,2024-06-25,81
982,224,8,2,2024-08-04,96
983,13,48,1,2024-01-11,121
984,46,27,2,2024-04-27,34
985,155,22,3,2024-06-12,465
986,113,37,2,2024-02-08,146
987,233,27,4,2024-02-22,68
988,17,29,1,2024-08-05,122
989,360,3,2,2024-07-24,94
990,223,44,4,2024-11-07,760
991,354,13,3,2024-12-25,159
992,188,45,2,2024-02-25,318
993,448,10,3,2024-04-27,78
994,344,36,4,2024-09-09,140
995,365,9,3,2024-10-12,582
996,163,27,4,2024-09-24,68
997,496,34,4,2024-10-17,60
998,326,1,4,2024-11-28,464
999,467,32,2,2024-06-28,356
1000,414,25,3,2024-12-23,129
1001,455,29,3,2024-08-22,366
1002,74,7,1,2024-12-08,37
1003,233,49,1,2024-07-14,13
1004,224,3,1,2024-11-03,47
1005,482,20,1,2024-03-20,76
1006,319,20,3,2024-05-14,228
1007,412,30,4,2024-01-22,368
1008,60,35,4,2024-11-26,756
1009,335,35,2,2024-08-12,378
1010,222,49,4,2024-02-27,52
1011,37,39,3,2024-04-02,579
1012,477,27,3,2024-07-10,51
1013,278,26,3,2024-04-12,360
1014,196,14,2,2024-01-07,68
1015,404,17,1,2024-05-07,34
1016,352,18,4,2024-02-24,308
1017,484,45,3,2024-08-18,477
1018,242,29,3,2024-12-27,366
1019,324,20,1,2024-03-02,76
1020,219,27,3,2024-08-27,51
1021,192,18,4,2024-03-30,308
1022,17,4,2,2024-08-19,248
1023,12,1,3,2024-08-20,348
1024,406,50,4,2024-12-19,412
1025,401,1,3,2024-11-28,348
1026,394,26,1,2024-10-18,120
1027,374,45,3,2024-12-10,477
1028,193,20,3,2024-05-31,228
1029,22,23,2,2024-05-24,240
1030,474,10,1,2024-05-09,26
1031,120,11,1,2024-05-20,95
1032,210,41,2,2024-04-02,236
1033,306,41,3,2024-04-23,354
1034,270,5,4,2024-10-10,96
1035,192,1,1,2024-05-22,116
1036,175,17,1,2024-08-10,34
1037,285,22,3,2024-08-19,465
1038,204,34,3,2024-02-02,45
1039,164,45,1,2024-10-02,159
1040,251,41,3,2024-06-18,354
1041,227,29,4,2024-05-19,488
1042,436,4,1,2024-12-22,124
1043,381,5,4,2024-07-19,96
1044,460,11,4,2024-01-23,380
1045,7,21,3,2024-08-11,354
1046,29,35,4,2024-09-26,756
1047,395,12,3,2024-12-12,405
1048,33,26,2,2024-06-01,240
1049,134,19,3,2024-11-28,441
1050,367,45,4,2024-03-25,636
1051,79,7,2,2024-04-18,74
1052,416,47,3,2024-01-31,237
1053,435,7,4,2024-08-16,148
1054,459,26,1,2024-08-27,120
1055,58,40,1,2024-12-28,68
1056,471,5,3,2024-11-05,72
1057,26,21,3,2024-05-20,354
1058,482,14,1,2024-06-04,34
1059,430,4,4,2024-10-25,496
1060,226,23,4,2024-12-10,480
1061,285,42,4,2024-04-08,520
1062,4,20,3,2024-02-16,228
1063,465,15,2,2024-11-22,308
1064,99,50,2,2024-03-07,206
1065,397,45,2,2024-03-02,318
1066,489,29,2,2024-04-18,244
1067,39,8,2,2024-06-15,96
1068,271,41,3,2024-02-06,354
1069,375,48,3,2024-04-28,363
1070,285,19,2,2024-03-26,294
1071,157,48,3,2024-02-21,363
1072,75,39,3,2024-03-31,579
1073,372,46,2,2024-10-15,60
1074,288,28,4,2024-12-02,708
1075,130,46,3,2024-10-24,90
1076,175,27,4,2024-07-22,68
1077,462,4,3,2024-08-25,372
1078,84,15,3,2024-06-03,462
1079,22,35,2,2024-08-27,378
1080,459,37,3,2024-05-15,219
1081,27,1,1,2024-12-27,116
1082,195,3,1,2024-03-04,47
1083,337,47,2,2024-05-02,158
1084,382,24,4,2024-09-10,480
1085,236,27,4,2024-04-23,68
1086,440,40,4,2024-01-20,272
1087,92,36,1,2024-01-16,35
1088,477,34,4,2024-05-24,60
1089,21,29,4,2024-07-26,488
1090,303,24,2,2024-01-19,240
1091,464,24,4,2024-06-14,480
1092,357,42,1,2024-02-07,130
1093,443,4,1,2024-06-29,124
1094,84,3,1,2024-12-14,47
1095,262,34,2,2024-04-14,30
1096,147,49,2,2024-04-09,26
1097,441,23,3,2024-03-30,360
1098,453,23,4,2024-10-26,480
1099,387,45,2,2024-11-27,318
1100,257,5,1,2024-03-19,24
1101,58,31,1,2024-03-13,51
1102,380,41,2,2024-06-24,236
1103,422,6,2,2024-04-05,256
1104,15,37,2,2024-12-10,146
1105,162,10,3,2024-04-12,78
1106,445,40,1,2024-08-11,68
1107,163,7,3,2024-01-06,111
1108,320,39,3,2024-05-01,579
1109,497,38,4,2024-08-23,784
1110,281,21,1,2024-04-25,118
1111,280,20,1,2024-06-11,76
1112,12,3,2,2024-08-13,94
1113,274,22,2,2024-08-17,310
1114,271,47,4,2024-06-30,316
1115,492,4,3,2024-09-05,372
1116,208,28,2,2024-11-13,354
1117,27,12,2,2024-07-28,270
1118,72,38,1,2024-05-23,196
1119,60,36,1,2024-12-10,35
1120,430,47,2,2024-04-05,158
1121,473,41,1,2024-12-11,118
1122,145,5,4,2024-08-31,96
1123,93,13,2,2024-03-26,106
1124,309,23,1,2024-07-02,120
1125,8,50,4,2024-04-30,412
1126,79,30,1,2024-11-27,92
1127,27,37,1,2024-04-01,73
1128,174,25,1,2024-03-10,43
1129,50,48,2,2024-05-12,242
1130,500,27,3,2024-10-05,51
1131,199,14,1,2024-05-16,34
1132,387,48,4,2024-11-09,484
1133,349,47,2,2024-07-05,158
1134,448,36,2,2024-08-08,70
1135,428,39,4,2024-02-15,772
1136,181,16,1,2024-10-04,22
1137,24,22,3,2024-07-10,465
1138,316,21,1,2024-01-08,118
1139,378,21,4,2024-10-02,472
1140,387,8,2,2024-06-27,96
1141,404,49,3,2024-11-29,39
1142,46,16,2,2024-02-08,44
1143,15,31,4,2024-10-19,204
1144,153,42,1,2024-06-26,130
1145,222,10,3,2024-06-10,78
1146,206,32,2,2024-11-26,356
1147,455,34,2,2024-04-13,30
1148,273,9,2,2024-06-09,388
1149,382,17,1,2024-10-13,34
1150,236,11,3,2024-05-02,285
1151,340,32,1,2024-02-23,178
1152,228,10,1,2024-02-03,26
1153,9,22,1,2024-08-29,155
1154,166,17,4,2024-04-22,136
1155,432,4,4,2024-11-13,496
1156,444,48,4,2024-01-23,484
1157,319,47,3,2024-02-15,237
1158,214,25,1,2024-11-07,43
1159,117,21,1,2024-05-14,118
1160,386,37,4,2024-04-27,292
1161,344,38,1,2024-07-07,196
1162,72,49,1,2024-05-10,13
1163,395,1,2,2024-07-30,232
1164,64,25,1,2024-04-22,43
1165,205,36,2,2024-02-13,70
1166,209,17,1,2024-05-07,34
1167,72,41,3,2024-12-29,354
1168,277,24,4,2024-06-06,480
1169,274,2,2,2024-09-29,54
1170,478,40,4,2024-11-10,272
1171,320,15,2,2024-12-20,308
1172,338,32,2,2024-12-05,356
1173,366,39,2,2024-02-14,386
1174,495,6,3,2024-04-17,384
1175,95,1,1,2024-08-06,116
1176,166,47,2,2024-11-13,158
1177,32,23,3,2024-11-10,360
1178,11,39,2,2024-06-25,386
1179,301,17,1,2024-08-15,34
1180,217,34,2,2024-07-09,30
1181,289,41,3,2024-06-08,354
1182,102,29,1,2024-09-23,122
1183,425,9,3,2024-12-23,582
1184,392,13,1,2024-11-21,53
1185,267,6,1,2024-07-08,128
1186,214,6,4,2024-06-23,512
1187,179,20,4,2024-10-16,304
1188,88,3,4,2024-12-22,188
1189,41,17,1,2024-05-24,34
1190,401,49,2,2024-08-19,26
1191,76,12,3,2024-12-25,405
1192,377,48,3,2024-07-22,363
1193,46,47,3,2024-07-31,237
1194,160,45,4,2024-02-09,636
1195,463,1,1,2024-10-01,116
1196,80,17,4,2024-11-18,136
1197,310,3,2,2024-03-22,94
1198,86,26,1,2024-06-29,120
1199,92,15,3,2024-11-15,462
1200,148,36,4,2024-03-23,140
1201,161,32,4,2024-10-29,712
1202,202,32,2,2024-09-18,356
1203,424,4,2,2024-09-28,248
1204,416,18,4,2024-07-18,308
1205,242,49,2,2024-08-27,26
1206,353,19,3,2024-06-28,441
1207,2,43,2,2024-06-19,84
1208,225,35,2,2024-10-21,378
1209,289,40,4,2024-06-25,272
1210,233,14,4,2024-08-24,136
1211,461,33,1,2024-05-17,110
1212,414,14,1,2024-11-22,34
1213,417,34,4,2024-11-06,60
1214,77,4,2,2024-05-08,248
1215,116,24,2,2024-02-18,240
1216,154,29,1,2024-06-12,122
1217,406,19,1,2024-10-03,147
1218,103,6,1,2024-10-19,128
1219,194,33,3,2024-04-25,330
1220,166,49,3,2024-01-24,39
1221,359,40,1,2024-11-06,68
1222,90,19,2,2024-01-25,294
1223,174,1,1,2024-05-06,116
1224,122,5,3,2024-08-21,72
1225,498,27,2,2024-07-27,34
1226,143,16,3,2024-04-02,66
1227,482,6,2,2024-04-03,256
1228,106,40,3,2024-11-22,204
1229,375,13,2,2024-08-12,106
1230,428,48,2,2024-10-06,242
1231,305,35,2,2024-01-11,378
1232,360,19,2,2024-11-24,294
1233,459,12,4,2024-01-12,540
1234,317,16,3,2024-02-04,66
1235,451,43,3,2024-08-15,126
1236,123,10,4,2024-08-07,104
1237,390,25,2,2024-05-20,86
1238,9,20,2,2024-01-23,152
1239,262,31,3,2024-03-23,153
1240,73,4,4,2024-08-16,496
1241,359,44,2,2024-12-09,380
1242,223,23,2,2024-03-20,240
1243,416,2,2,2024-12-18,54
1244,41,22,1,2024-10-16,155
1245,370,37,4,2024-11-26,292
1246,204,8,2,2024-06-07,96
1247,264,7,1,2024-05-07,37
1248,328,14,4,2024-07-08,136
1249,178,3,2,2024-01-31,94
1250,348,50,3,2024-12-24,309
1251,318,16,1,2024-01-15,22
1252,84,19,1,2024-11-08,147
1253,318,18,2,2024-03-15,154
1254,111,16,2,2024-02-03,44
1255,251,8,1,2024-12-24,48
1256,383,33,3,2024-07-14,330
1257,7,49,3,2024-11-26,39
1258,459,12,4,2024-01-29,540
1259,84,11,2,2024-07-12,190
1260,208,5,3,2024-01-16,72
1261,388,27,4,2024-03-17,68
1262,390,12,3,2024-10-19,405
1263,314,17,2,2024-03-21,68
1264,22,6,4,2024-05-03,512
1265,410,33,4,2024-01-19,440
1266,383,5,4,2024-04-11,96
1267,3,28,3,2024-03-17,531
1268,127,14,2,2024-08-16,68
1269,297,5,4,2024-10-23,96
1270,188,33,1,2024-07-21,110
1271,362,50,2,2024-03-01,206
1272,14,48,1,2024-01-26,121
1273,459,41,1,2024-03-11,118
1274,466,19,4,2024-04-12,588
1275,12,22,4,2024-11-21,620
1276,87,5,3,2024-12-28,72
1277,12,2,3,2024-06-05,81
1278,397,30,3,2024-12-28,276
1279,25,47,2,2024-12-24,158
1280,301,39,3,2024-07-12,579
1281,243,4,1,2024-10-01,124
1282,122,33,3,2024-11-19,330
1283,147,13,4,2024-07-04,212
1284,55,20,3,2024-11-21,228
1285,238,7,2,2024-04-22,74
1286,356,15,2,2024-11-08,308
1287,173,23,1,2024-06-13,120
1288,392,14,2,2024-03-01,68
1289,221,23,3,2024-04-01,360
1290,119,19,4,2024-10-12,588
1291,309,29,2,2024-06-01,244
1292,183,20,1,2024-08-12,76
1293,288,29,3,2024-05-06,366
1294,307,24,1,2024-07-11,120
1295,300,18,2,2024-04-24,154
1296,82,10,2,2024-09-18,52
1297,454,41,1,2024-01-18,118
1298,402,8,3,2024-01-10,144
1299,211,26,2,2024-04-01,240
1300,150,29,4,2024-05-18,488
1301,37,10,2,2024-11-28,52
1302,352,17,3,2024-12-22,102
1303,312,2,2,2024-12-05,54
1304,361,6,1,2024-02-21,128
1305,59,5,2,2024-07-13,48
1306,131,28,2,2024-07-24,354
1307,412,41,3,2024-10-13,354
1308,202,5,1,2024-04-02,24
1309,243,18,3,2024-11-04,231
1310,35,26,2,2024-05-24,240
1311,445,20,4,2024-03-26,304
1312,93,41,2,2024-06-01,236
1313,438,49,3,2024-01-02,39
1314,447,27,4,2024-12-07,68
1315,207,49,3,2024-09-16,39
1316,353,12,3,2024-06-12,405
1317,391,7,1,2024-01-06,37
1318,332,3,4,2024-05-28,188
1319,305,10,2,2024-07-23,52
1320,350,34,3,2024-04-27,45
1321,213,25,2,2024-03-29,86
1322,159,35,1,2024-06-02,189
1323,442,16,1,2024-06-15,22
1324,445,2,4,2024-06-09,108
1325,24,24,1,2024-09-26,120
1326,404,10,1,2024-02-25,26
1327,293,38,2,2024-08-15,392
1328,4,22,1,2024-12-02,155
1329,220,26,1,2024-05-28,120
1330,364,43,3,2024-02-15,126
1331,382,39,1,2024-05-23,193
1332,20,27,3,2024-08-25,51
1333,444,29,1,2024-09-28,122
1334,152,47,1,2024-04-29,79
1335,50,38,4,2024-12-05,784
1336,177,20,4,2024-08-07,304
1337,435,27,3,2024-01-08,51
1338,96,41,1,2024-12-09,118
1339,105,20,2,2024-10-01,152
1340,420,44,4,2024-12-18,760
1341,250,19,2,2024-03-06,294
1342,117,20,4,2024-03-19,304
1343,354,35,4,2024-03-26,756
1344,228,47,1,2024-05-03,79
1345,66,2,4,2024-07-20,108
1346,335,30,2,2024-05-29,184
1347,418,34,4,2024-02-15,60
1348,420,22,3,2024-04-22,465
1349,262,3,1,2024-03-31,47
1350,295,6,1,2024-05-20,128
1351,426,15,3,2024-10-15,462
1352,243,27,3,2024-08-05,51
1353,371,10,3,2024-03-17,78
1354,186,9,4,2024-11-29,776
1355,246,33,1,2024-05-31,110
1356,125,32,3,2024-11-18,534
1357,268,48,4,2024-08-26,484
1358,131,6,3,2024-04-24,384
1359,237,41,2,2024-11-14,236
1360,18,36,2,2024-04-03,70
1361,40,2,1,2024-02-17,27
1362,21,29,4,2024-07-09,488
1363,399,4,2,2024-01-12,248
1364,225,1,2,2024-06-04,232
1365,355,19,4,2024-06-20,588
1366,282,26,3,2024-10-22,360
1367,8,25,4,2024-06-25,172
1368,100,10,3,2024-12-06,78
1369,240,15,2,2024-02-26,308
1370,478,22,2,2024-12-08,310
1371,87,48,2,2024-12-05,242
1372,298,21,1,2024-07-21,118
1373,428,22,1,2024-07-03,155
1374,14,36,1,2024-04-30,35
1375,334,34,4,2024-08-13,60
1376,2,30,2,2024-07-20,184
1377,375,25,2,2024-11-25,86
1378,293,45,4,2024-12-28,636
1379,325,28,1,2024-12-21,177
1380,422,1,4,2024-08-03,464
1381,493,49,1,2024-02-12,13
1382,41,45,2,2024-01-23,318
1383,318,4,3,2024-06-03,372
1384,316,7,1,2024-07-04,37
1385,381,49,2,2024-09-05,26
1386,111,9,2,2024-08-24,388
1387,14,36,3,2024-10-19,105
1388,231,19,2,2024-05-13,294
1389,473,1,2,2024-11-16,232
1390,84,10,1,2024-01-22,26
1391,130,36,1,2024-12-26,35
1392,231,9,3,2024-03-28,582
1393,326,45,3,2024-06-01,477
1394,145,46,2,2024-05-04,60
1395,379,42,1,2024-03-19,130
1396,345,32,3,2024-12-11,534
1397,28,32,3,2024-02-20,534
1398,66,6,4,2024-08-03,512
1399,163,48,3,2024-06-24,363
1400,229,38,2,2024-12-23,392
1401,261,17,1,2024-09-09,34
1402,449,10,3,2024-09-02,78
1403,424,50,4,2024-08-14,412
1404,460,27,1,2024-04-15,17
1405,440,50,3,2024-07-11,309
1406,164,35,4,2024-11-11,756
1407,301,21,3,2024-10-28,354
1408,407,25,1,2024-02-05,43
1409,303,28,1,2024-07-22,177
1410,287,47,1,2024-09-23,79
1411,395,15,2,2024-09-24,308
1412,10,4,3,2024-06-18,372
1413,195,29,2,2024-02-08,244
1414,118,9,1,2024-05-18,194
1415,270,27,4,2024-10-18,68
1416,80,26,3,2024-02-21,360
1417,458,19,2,2024-10-13,294
1418,93,28,3,2024-10-15,531
1419,266,17,4,2024-05-20,136
1420,332,43,2,2024-05-25,84
1421,350,41,1,2024-11-09,118
1422,361,42,2,2024-07-02,260
1423,257,50,3,2024-05-31,309
1424,133,20,3,2024-07-19,228
1425,276,45,3,2024-05-07,477
1426,264,40,3,2024-10-13,204
1427,171,39,1,2024-11-06,193
1428,460,49,2,2024-09-09,26
1429,1,23,1,2024-09-22,120
1430,313,47,1,2024-07-06,79
1431,64,32,1,2024-08-17,178
1432,374,47,3,2024-09-27,237
1433,468,33,3,2024-09-15,330
1434,284,46,3,2024-10-25,90
1435,121,5,2,2024-07-16,48
1436,107,43,4,2024-11-18,168
1437,421,48,3,2024-02-25,363
1438,175,34,2,2024-11-14,30
1439,485,40,3,2024-07-21,204
1440,204,11,3,2024-09-27,285
1441,165,50,1,2024-04-18,103
1442,305,3,1,2024-04-25,47
1443,497,33,1,2024-04-01,110
1444,120,11,2,2024-05-17,190
1445,44,16,4,2024-10-29,88
1446,312,18,4,2024-02-26,308
1447,156,30,2,2024-02-19,184
1448,367,48,3,2024-03-11,363
1449,207,10,2,2024-03-22,52
1450,390,18,3,2024-04-14,231
1451,108,38,2,2024-03-28,392
1452,251,19,2,2024-01-02,294
1453,445,36,2,2024-12-25,70
1454,404,13,4,2024-03-24,212
1455,370,46,1,2024-02-12,30
1456,334,3,2,2024-06-02,94
1457,130,10,4,2024-11-22,104
1458,457,38,1,2024-04-03,196
1459,293,1,1,2024-10-24,116
1460,20,27,2,2024-05-12,34
1461,282,46,3,2024-03-05,90
1462,285,8,3,2024-10-16,144
1463,1,46,3,2024-09-13,90
1464,119,42,2,2024-07-31,260
1465,35,17,3,2024-05-27,102
1466,198,9,4,2024-03-01,776
1467,485,6,4,2024-05-28,512
1468,245,43,4,2024-03-28,168
1469,59,25,4,2024-11-19,172
1470,325,39,1,2024-10-04,193
1471,161,49,4,2024-03-22,52
1472,497,28,3,2024-05-08,531
1473,179,33,2,2024-10-12,220
1474,206,37,3,2024-12-18,219
1475,12,9,4,2024-10-06,776
1476,490,18,1,2024-09-26,77
1477,276,21,4,2024-10-18,472
1478,181,2,2,2024-07-21,54
1479,242,43,3,2024-01-24,126
1480,216,38,2,2024-12-16,392
1481,251,40,2,2024-11-06,136
1482,299,36,2,2024-07-26,70
1483,126,50,3,2024-10-06,309
1484,482,43,4,2024-07-23,168
1485,217,37,2,2024-05-31,146
1486,306,15,3,2024-01-26,462
1487,285,28,1,2024-07-12,177
1488,185,18,3,2024-12-01,231
1489,39,34,1,2024-08-25,15
1490,223,22,3,2024-11-16,465
1491,184,11,4,2024-03-15,380
1492,495,13,2,2024-06-11,106
1493,427,4,4,2024-10-25,496
1494,178,22,3,2024-01-29,465
1495,407,7,2,2024-06-13,74
1496,428,43,1,2024-12-02,42
1497,294,24,3,2024-07-04,360
1498,340,4,2,2024-02-23,248
1499,151,28,1,2024-10-21,177
1500,384,15,1,2024-02-11,154
1501,126,1,4,2024-10-11,464
1502,301,3,3,2024-05-17,141
1503,308,14,1,2024-07-05,34
1504,336,38,2,2024-07-22,392
1505,434,50,1,2024-02-11,103
1506,234,1,1,2024-12-15,116
1507,380,38,4,2024-10-14,784
1508,375,38,4,2024-01-26,784
1509,8,21,2,2024-02-25,236
1510,498,48,4,2024-09-09,484
1511,341,29,1,2024-05-01,122
1512,129,5,1,2024-04-15,24
1513,264,49,4,2024-05-09,52
1514,157,10,1,2024-12-02,26
1515,352,28,1,2024-06-06,177
1516,358,21,2,2024-08-18,236
1517,5,50,4,2024-11-03,412
1518,495,7,1,2024-03-31,37
1519,86,3,4,2024-01-22,188
1520,175,45,2,2024-10-16,318
1521,290,47,4,2024-04-19,316
1522,193,20,1,2024-02-18,76
1523,311,19,4,2024-05-08,588
1524,119,35,1,2024-03-13,189
1525,218,4,1,2024-12-05,124
1526,427,5,1,2024-02-22,24
1527,458,1,2,2024-12-21,232
1528,414,4,4,2024-06-16,496
1529,114,12,2,2024-02-14,270
1530,466,27,4,2024-04-14,68
1531,145,42,2,2024-05-29,260
1532,26,23,3,2024-05-25,360
1533,136,25,1,2024-07-22,43
1534,303,21,1,2024-12-27,118
1535,232,24,2,2024-10-25,240
1536,369,25,3,2024-06-15,129
1537,76,45,1,2024-07-19,159
1538,475,46,4,2024-05-13,120
1539,328,32,2,2024-07-29,356
1540,345,32,1,2024-02-17,178
1541,302,5,1,2024-05-05,24
1542,452,36,2,2024-08-26,70
1543,289,46,2,2024-01-07,60
1544,1,42,4,2024-09-28,520
1545,147,49,4,2024-02-06,52
1546,287,42,1,2024-07-29,130
1547,464,39,1,2024-06-13,193
1548,142,16,2,2024-05-04,44
1549,53,33,1,2024-12-02,110
1550,304,49,1,2024-07-10,13
1551,69,21,2,2024-08-05,236
1552,361,9,1,2024-08-01,194
1553,90,6,1,2024-03-02,128
1554,446,45,3,2024-11-23,477
1555,220,35,4,2024-06-09,756
1556,450,39,2,2024-03-06,386
1557,498,22,3,2024-10-12,465
1558,192,41,4,2024-08-26,472
1559,454,5,4,2024-01-20,96
1560,63,42,4,2024-07-06,520
1561,73,23,3,2024-03-22,360
1562,161,17,3,2024-12-28,102
1563,169,12,4,2024-07-20,540
1564,89,23,1,2024-05-11,120
1565,176,16,1,2024-02-06,22
1566,269,3,3,2024-05-11,141
1567,73,30,3,2024-03-17,276
1568,245,22,3,2024-03-29,465
1569,77,9,4,2024-09-09,776
1570,159,29,1,2024-12-09,122
1571,489,47,3,2024-07-12,237
1572,459,37,3,2024-06-24,219
1573,324,23,2,2024-02-02,240
1574,98,13,4,2024-02-27,212
1575,381,32,2,2024-07-19,356
1576,102,46,1,2024-01-28,30
1577,494,47,2,2024-02-04,158
1578,132,48,2,2024-05-04,242
1579,102,23,2,2024-11-16,240
1580,19,45,4,2024-02-11,636
1581,454,17,1,2024-03-25,34
1582,482,40,2,2024-07-06,136
1583,82,21,4,2024-04-20,472
1584,397,2,1,2024-09-27,27
1585,489,37,3,2024-11-20,219
1586,279,6,2,2024-04-14,256
1587,339,44,1,2024-11-15,190
1588,365,18,2,2024-02-10,154
1589,331,30,3,2024-08-02,276
1590,129,22,1,2024-03-11,155
1591,344,33,4,2024-02-25,440
1592,310,30,1,2024-08-23,92
1593,455,17,4,2024-10-07,136
1594,89,43,1,2024-04-14,42
1595,213,32,4,2024-06-10,712
1596,143,42,3,2024-07-09,390
1597,65,14,3,2024-01-09,102
1598,76,10,3,2024-02-29,78
1599,199,47,1,2024-10-31,79
1600,143,36,3,2024-08-12,105
1601,405,34,2,2024-11-02,30
1602,403,9,3,2024-07-06,582
1603,316,42,4,2024-03-10,520
1604,93,28,4,2024-10-19,708
1605,473,11,4,2024-10-13,380
1606,417,14,1,2024-06-17,34
1607,305,39,2,2024-03-02,386
1608,224,47,3,2024-12-14,237
1609,497,19,2,2024-01-14,294
1610,291,15,2,2024-06-12,308
1611,428,28,4,2024-09-01,708
1612,102,24,4,2024-11-30,480
1613,474,8,4,2024-01-08,192
1614,267,43,1,2024-06-02,42
1615,355,9,2,2024-02-05,388
1616,456,47,2,2024-02-17,158
1617,110,33,1,2024-03-25,110
1618,462,33,1,2024-01-28,110
1619,330,19,1,2024-07-14,147
1620,450,3,2,2024-07-26,94
1621,430,10,2,2024-07-22,52
1622,265,40,4,2024-11-02,272
1623,3,47,4,2024-04-13,316
1624,85,42,2,2024-08-17,260
1625,282,1,4,2024-04-10,464
1626,328,29,1,2024-01-29,122
1627,304,50,3,2024-05-06,309
1628,450,34,4,2024-12-03,60
1629,454,13,2,2024-01-10,106
1630,412,1,4,2024-04-15,464
1631,117,34,4,2024-06-15,60
1632,221,29,4,2024-09-13,488
1633,154,48,3,2024-10-21,363
1634,153,47,1,2024-10-03,79
1635,12,13,2,2024-03-05,106
1636,133,48,3,2024-09-27,363
1637,482,49,2,2024-07-06,26
1638,304,29,2,2024-11-12,244
1639,293,39,2,2024-05-17,386
1640,463,24,3,2024-12-08,360
1641,300,26,1,2024-04-14,120
1642,228,17,2,2024-02-03,68
1643,271,7,1,2024-04-19,37
1644,43,13,1,2024-02-02,53
1645,432,5,4,2024-12-19,96
1646,343,26,3,2024-08-18,360
1647,326,49,3,2024-11-12,39
1648,302,3,4,2024-09-22,188
1649,498,7,4,2024-06-30,148
1650,364,49,1,2024-12-05,13
1651,379,39,2,2024-03-05,386
1652,427,1,3,2024-11-28,348
1653,493,49,2,2024-01-01,26
1654,21,17,2,2024-05-12,68
1655,407,43,4,2024-03-20,168
1656,107,25,2,2024-09-27,86
1657,336,3,1,2024-08-28,47
1658,303,15,4,2024-01-28,616
1659,117,29,2,2024-08-10,244
1660,124,43,4,2024-01-23,168
1661,399,32,1,2024-04-18,178
1662,281,26,1,2024-04-16,120
1663,292,16,2,2024-05-24,44
1664,203,25,4,2024-12-19,172
1665,51,28,2,2024-05-18,354
1666,271,9,2,2024-10-10,388
1667,324,1,4,2024-10-24,464
1668,277,29,2,2024-04-08,244
1669,141,22,1,2024-11-12,155
1670,470,16,4,2024-05-02,88
1671,275,41,4,2024-11-15,472
1672,290,44,4,2024-10-13,760
1673,334,41,4,2024-03-21,472
1674,381,7,2,2024-01-10,74
1675,452,14,2,2024-01-08,68
1676,496,29,1,2024-07-23,122
1677,373,19,3,2024-11-10,441
1678,52,19,3,2024-07-15,441
1679,494,2,1,2024-07-16,27
1680,27,41,3,2024-01-30,354
1681,157,45,1,2024-01-20,159
1682,239,15,2,2024-02-17,308
1683,156,3,4,2024-05-09,188
1684,291,11,4,2024-10-19,380
1685,136,46,2,2024-05-11,60
1686,144,30,4,2024-12-21,368
1687,106,40,4,2024-02-23,272
1688,420,18,3,2024-10-07,231
1689,158,48,2,2024-09-21,242
1690,146,2,3,2024-08-02,81
1691,2,32,3,2024-10-16,534
1692,433,8,4,2024-02-12,192
1693,77,22,4,2024-03-14,620
1694,132,6,2,2024-12-15,256
1695,90,12,4,2024-10-04,540
1696,345,47,4,2024-11-21,316
1697,350,40,2,2024-08-29,136
1698,459,36,4,2024-05-09,140
1699,263,15,3,2024-12-15,462
1700,351,28,2,2024-07-12,354
1701,108,49,4,2024-02-01,52
1702,74,45,1,2024-04-15,159
1703,39,18,2,2024-07-22,154
1704,397,2,2,2024-01-01,54
1705,159,13,1,2024-09-01,53
1706,71,45,4,2024-03-12,636
1707,447,15,4,2024-11-01,616
1708,312,20,2,2024-01-15,152
1709,241,29,2,2024-02-22,244
1710,426,42,4,2024-01-08,520
1711,445,29,4,2024-11-25,488
1712,298,3,3,2024-02-15,141
1713,440,19,2,2024-11-20,294
1714,36,3,2,2024-04-23,94
1715,84,14,1,2024-05-26,34
1716,452,40,3,2024-06-14,204
1717,374,4,4,2024-05-18,496
1718,263,11,3,2024-04-26,285
1719,310,31,4,2024-10-25,204
1720,385,43,4,2024-10-02,168
1721,172,32,3,2024-10-03,534
1722,376,27,2,2024-12-03,34
1723,173,30,4,2024-11-08,368
1724,362,43,3,2024-06-26,126
1725,47,2,1,2024-11-25,27
1726,379,49,3,2024-12-19,39
1727,141,9,1,2024-06-02,194
1728,375,28,4,2024-07-19,708
1729,406,31,3,2024-04-24,153
1730,118,34,3,2024-06-07,45
1731,277,15,1,2024-02-11,154
1732,214,48,3,2024-09-03,363
1733,220,25,3,2024-03-08,129
1734,393,36,4,2024-11-21,140
1735,26,8,3,2024-11-29,144
1736,9,9,2,2024-07-14,388
1737,271,37,1,2024-03-30,73
1738,10,48,3,2024-04-20,363
1739,472,45,1,2024-12-24,159
1740,378,39,1,2024-05-24,193
1741,121,32,1,2024-10-01,178
1742,125,17,3,2024-06-27,102
1743,170,35,3,2024-08-28,567
1744,72,37,1,2024-11-21,73
1745,152,19,2,2024-11-14,294
1746,208,44,1,2024-11-26,190
1747,49,29,2,2024-06-01,244
1748,154,7,1,2024-04-13,37
1749,347,28,4,2024-03-15,708
1750,293,9,1,2024-05-07,194
1751,68,28,1,2024-07-17,177
1752,50,6,3,2024-06-02,384
1753,152,29,2,2024-02-25,244
1754,19,17,4,2024-10-04,136
1755,100,16,2,2024-12-10,44
1756,60,23,4,2024-01-19,480
1757,167,31,1,2024-06-07,51
1758,202,3,3,2024-01-26,141
1759,345,21,3,2024-06-17,354
1760,146,26,2,2024-01-23,240
1761,403,36,3,2024-02-16,105
1762,164,42,2,2024-01-13,260
1763,458,37,2,2024-08-04,146
1764,481,22,4,2024-11-17,620
1765,439,42,2,2024-07-12,260
1766,242,12,4,2024-05-23,540
1767,69,42,3,2024-03-13,390
1768,175,13,2,2024-06-04,106
1769,49,11,2,2024-03-17,190
1770,483,16,1,2024-06-17,22
1771,108,8,2,2024-10-13,96
1772,226,40,2,2024-03-25,136
1773,161,40,1,2024-06-30,68
1774,119,45,1,2024-11-10,159
1775,149,2,3,2024-10-23,81
1776,465,30,2,2024-04-21,184
1777,150,30,3,2024-08-17,276
1778,432,12,3,2024-04-05,405
1779,293,10,1,2024-06-16,26
1780,143,44,4,2024-06-04,760
1781,419,11,3,2024-04-14,285
1782,476,15,4,2024-07-11,616
1783,455,16,2,2024-11-25,44
1784,160,17,1,2024-05-11,34
1785,11,26,2,2024-12-20,240
1786,138,2,2,2024-05-17,54
1787,457,50,1,2024-11-26,103
1788,78,12,2,2024-09-26,270
1789,77,26,1,2024-02-07,120
1790,441,23,4,2024-02-14,480
1791,254,18,2,2024-06-11,154
1792,409,32,1,2024-11-26,178
1793,258,49,3,2024-09-09,39
1794,320,38,2,2024-06-17,392
1795,291,47,4,2024-10-11,316
1796,263,3,1,2024-09-30,47
1797,85,38,2,2024-01-20,392
1798,146,3,2,2024-08-26,94
1799,323,30,2,2024-09-26,184
1800,42,1,4,2024-11-05,464
1801,374,30,1,2024-01-31,92
1802,125,45,3,2024-11-09,477
1803,167,32,3,2024-04-13,534
1804,425,28,3,2024-06-18,531
1805,241,21,1,2024-07-04,118
1806,459,46,3,2024-05-07,90
1807,487,13,4,2024-07-28,212
1808,280,27,1,2024-10-07,17
1809,188,36,2,2024-09-09,70
1810,302,7,4,2024-01-19,148
1811,19,22,2,2024-07-18,310
1812,68,10,3,2024-08-07,78
1813,218,39,4,2024-05-15,772
1814,102,15,1,2024-08-10,154
1815,42,15,4,2024-01-03,616
1816,288,4,2,2024-08-23,248
1817,167,32,1,2024-12-07,178
1818,109,23,4,2024-08-15,480
1819,494,6,4,2024-05-21,512
1820,36,24,4,2024-01-09,480
1821,232,20,4,2024-07-08,304
1822,229,37,1,2024-12-15,73
1823,353,20,2,2024-06-13,152
1824,164,12,4,2024-05-18,540
1825,387,33,1,2024-10-02,110
1826,73,28,2,2024-10-17,354
1827,136,8,4,2024-02-22,192
1828,353,1,2,2024-06-23,232
1829,379,37,2,2024-04-19,146
1830,70,22,1,2024-07-21,155
1831,425,6,2,2024-05-15,256
1832,487,21,1,2024-01-04,118
1833,196,32,4,2024-06-03,712
1834,269,35,2,2024-06-20,378
1835,49,15,2,2024-12-23,308
1836,316,5,3,2024-02-16,72
1837,130,46,4,2024-04-03,120
1838,444,50,4,2024-02-17,412
1839,5,48,3,2024-08-27,363
1840,428,6,3,2024-12-12,384
1841,27,25,1,2024-07-31,43
1842,160,46,1,2024-12-05,30
1843,149,40,2,2024-11-19,136
1844,264,29,2,2024-05-18,244
1845,230,7,2,2024-07-23,74
1846,200,40,2,2024-03-13,136
1847,50,13,1,2024-01-04,53
1848,67,38,4,2024-03-16,784
1849,300,18,2,2024-11-24,154
1850,381,2,4,2024-03-17,108
1851,58,8,2,2024-10-30,96
1852,259,11,3,2024-09-12,285
1853,342,33,2,2024-04-11,220
1854,326,38,2,2024-04-15,392
1855,130,48,2,2024-11-28,242
1856,215,27,1,2024-02-08,17
1857,172,20,3,2024-11-09,228
1858,258,12,2,2024-10-01,270
1859,102,43,2,2024-03-28,84
1860,209,31,4,2024-07-29,204
1861,291,27,3,2024-03-17,51
1862,354,32,2,2024-03-17,356
1863,471,10,4,2024-01-28,104
1864,286,3,4,2024-09-01,188
1865,116,45,1,2024-03-06,159
1866,264,27,4,2024-09-22,68
1867,150,35,2,2024-07-23,378
1868,300,31,1,2024-02-27,51
1869,442,15,1,2024-07-19,154
1870,36,16,2,2024-08-12,44
1871,453,13,3,2024-05-21,159
1872,333,49,4,2024-03-24,52
1873,477,35,1,2024-05-22,189
1874,287,11,3,2024-12-17,285
1875,303,21,2,2024-02-02,236
1876,311,11,4,2024-05-31,380
1877,208,30,4,2024-06-06,368
1878,106,48,1,2024-05-20,121
1879,446,35,4,2024-09-07,756
1880,158,22,4,2024-10-29,620
1881,121,38,4,2024-04-21,784
1882,55,31,4,2024-05-23,204
1883,400,14,2,2024-07-27,68
1884,12,24,3,2024-08-11,360
1885,145,50,2,2024-02-12,206
1886,400,49,2,2024-09-20,26
1887,396,32,1,2024-08-31,178
1888,136,36,4,2024-01-03,140
1889,468,32,2,2024-05-04,356
1890,3,15,4,2024-09-24,616
1891,144,43,2,2024-03-24,84
1892,30,35,2,2024-01-16,378
1893,237,3,1,2024-11-29,47
1894,279,16,3,2024-02-28,66
1895,348,5,3,2024-06-25,72
1896,115,21,2,2024-03-03,236
1897,104,10,1,2024-02-18,26
1898,118,19,4,2024-11-02,588
1899,5,25,4,2024-09-02,172
1900,468,4,2,2024-10-15,248
1901,360,29,3,2024-10-12,366
1902,248,19,1,2024-11-27,147
1903,364,43,3,2024-01-15,126
1904,321,2,4,2024-12-03,108
1905,121,10,3,2024-09-11,78
1906,286,43,4,2024-04-01,168
1907,149,25,1,2024-10-05,43
1908,84,20,1,2024-07-24,76
1909,454,48,2,2024-04-03,242
1910,406,19,2,2024-08-12,294
1911,466,23,3,2024-10-27,360
1912,456,24,1,2024-11-13,120
1913,231,11,1,2024-07-17,95
1914,288,46,2,2024-09-27,60
1915,161,34,4,2024-08-21,60
1916,272,28,3,2024-02-15,531
1917,460,5,3,2024-03-04,72
1918,38,5,2,2024-08-17,48
1919,500,21,1,2024-09-05,118
1920,226,12,2,2024-09-02,270
1921,142,50,2,2024-03-15,206
1922,292,4,2,2024-06-05,248
1923,481,49,2,2024-08-10,26
1924,151,42,4,2024-07-08,520
1925,114,20,4,2024-02-21,304
1926,237,38,1,2024-03-28,196
1927,66,25,2,2024-11-08,86
1928,361,14,4,2024-12-04,136
1929,341,11,1,2024-03-06,95
1930,258,32,2,2024-05-29,356
1931,475,11,3,2024-01-20,285
1932,249,18,4,2024-02-02,308
1933,457,27,1,2024-11-23,17
1934,449,18,3,2024-10-07,231
1935,331,23,2,2024-02-15,240
1936,323,11,2,2024-03-13,190
1937,180,21,2,2024-12-19,236
1938,190,44,4,2024-11-08,760
1939,407,5,1,2024-12-08,24
1940,154,23,3,2024-05-12,360
1941,196,41,1,2024-02-24,118
1942,466,25,4,2024-03-01,172
1943,311,41,1,2024-12-10,118
1944,262,10,4,2024-01-08,104
1945,419,22,2,2024-09-28,310
1946,406,19,3,2024-09-02,441
1947,427,1,2,2024-06-24,232
1948,143,7,1,2024-04-25,37
1949,342,4,2,2024-11-12,248
1950,316,1,3,2024-09-27,348
1951,101,15,2,2024-07-11,308
1952,244,40,3,2024-05-29,204
1953,490,12,3,2024-05-10,405
1954,12,22,2,2024-04-11,310
1955,239,22,4,2024-11-05,620
1956,49,50,1,2024-09-26,103
1957,42,47,4,2024-10-18,316
1958,166,17,4,2024-07-28,136
1959,82,29,2,2024-12-26,244
1960,429,46,1,2024-12-03,30
1961,291,14,1,2024-03-07,34
1962,158,50,4,2024-01-10,412
1963,216,20,2,2024-02-18,152
1964,490,50,1,2024-04-20,103
1965,158,48,4,2024-11-16,484
1966,462,33,1,2024-08-06,110
1967,134,43,2,2024-02-26,84
1968,67,15,2,2024-10-09,308
1969,336,12,2,2024-04-22,270
1970,7,40,1,2024-05-12,68
1971,436,20,3,2024-03-11,228
1972,14,30,1,2024-03-23,92
1973,73,38,3,2024-02-26,588
1974,399,3,2,2024-12-14,94
1975,405,28,4,2024-09-27,708
1976,163,26,3,2024-04-20,360
1977,66,30,2,2024-12-22,184
1978,347,13,2,2024-03-16,106
1979,130,13,3,2024-06-06,159
1980,419,2,4,2024-01-20,108
1981,466,37,2,2024-05-10,146
1982,206,49,3,2024-11-24,39
1983,276,38,4,2024-05-01,784
1984,466,2,4,2024-02-10,108
1985,256,36,2,2024-06-15,70
1986,266,26,1,2024-05-09,120
1987,25,11,1,2024-01-23,95
1988,450,8,2,2024-10-05,96
1989,281,44,4,2024-09-07,760
1990,253,40,2,2024-01-09,136
1991,310,43,3,2024-01-13,126
1992,289,22,1,2024-11-02,155
1993,164,20,3,2024-11-15,228
1994,95,8,2,2024-02-21,96
1995,270,29,2,2024-07-27,244
1996,321,40,4,2024-02-07,272
1997,110,26,4,2024-04-09,480
1998,336,30,4,2024-07-11,368
1999,310,17,3,2024-07-09,102
2000,238,20,4,2024-02-20,304
2001,381,16,2,2024-05-20,44
2002,436,46,4,2024-06-16,120
2003,387,43,1,2024-11-06,42
2004,483,7,4,2024-04-18,148
2005,425,16,3,2024-07-25,66
2006,390,45,1,2024-10-26,159
2007,25,47,1,2024-04-19,79
2008,141,48,1,2024-07-14,121
2009,117,27,3,2024-05-31,51
2010,482,23,2,2024-08-30,240
2011,392,24,4,2024-05-07,480
2012,405,9,1,2024-04-14,194
2013,482,35,1,2024-01-10,189
2014,452,20,1,2024-12-21,76
2015,25,37,2,2024-05-27,146
2016,79,42,2,2024-12-30,260
2017,68,17,3,2024-12-29,102
2018,173,47,2,2024-05-19,158
2019,444,31,4,2024-07-08,204
2020,12,8,3,2024-04-03,144
2021,288,15,3,2024-08-16,462
2022,128,31,4,2024-03-03,204
2023,96,30,4,2024-12-05,368
2024,92,46,4,2024-01-25,120
2025,141,20,3,2024-09-24,228
2026,31,39,3,2024-10-07,579
2027,334,12,3,2024-01-11,405
2028,20,49,4,2024-11-15,52
2029,146,17,4,2024-07-19,136
2030,477,42,1,2024-05-05,130
2031,316,30,2,2024-11-01,184
2032,447,29,1,2024-07-08,122
2033,390,19,4,2024-03-29,588
2034,160,46,3,2024-12-20,90
2035,349,11,4,2024-04-25,380
2036,43,34,2,2024-12-17,30
2037,254,50,1,2024-06-25,103
2038,130,7,1,2024-01-14,37
2039,60,44,3,2024-09-13,570
2040,151,34,1,2024-07-27,15
2041,467,20,1,2024-10-07,76
2042,287,50,4,2024-11-23,412
2043,499,38,1,2024-11-20,196
2044,5,24,1,2024-04-14,120
2045,467,10,1,2024-05-26,26
2046,418,32,3,2024-10-05,534
2047,266,15,3,2024-01-09,462
2048,345,37,4,2024-04-27,292
2049,130,20,1,2024-04-03,76
2050,382,3,3,2024-05-23,141
2051,267,37,3,2024-10-15,219
2052,178,40,4,2024-01-14,272
2053,253,8,2,2024-09-13,96
2054,415,40,1,2024-12-11,68
2055,56,44,3,2024-07-04,570
2056,463,23,4,2024-12-10,480
2057,457,40,4,2024-07-25,272
2058,471,11,4,2024-12-11,380
2059,83,46,3,2024-06-20,90
2060,393,8,1,2024-09-26,48
2061,99,29,2,2024-08-08,244
2062,149,30,1,2024-05-31,92
2063,329,10,4,2024-04-20,104
2064,156,39,4,2024-07-01,772
2065,190,28,2,2024-12-04,354
2066,494,49,1,2024-03-12,13
2067,371,36,4,2024-10-09,140
2068,263,13,4,2024-03-14,212
2069,80,32,1,2024-12-20,178
2070,400,36,4,2024-08-02,140
2071,252,37,1,2024-11-23,73
2072,97,26,4,2024-01-23,480
2073,260,22,1,2024-03-08,155
2074,260,4,2,2024-12-27,248
2075,103,31,4,2024-04-02,204
2076,40,18,2,2024-11-16,154
2077,273,38,4,2024-11-19,784
2078,101,24,4,2024-03-03,480
2079,359,23,3,2024-08-11,360
2080,380,22,1,2024-08-12,155
2081,308,2,2,2024-12-11,54
2082,221,31,2,2024-12-02,102
2083,308,11,2,2024-04-12,190
2084,420,28,1,2024-08-02,177
2085,124,46,3,2024-07-10,90
2086,422,32,2,2024-06-08,356
2087,231,5,1,2024-07-25,24
2088,178,38,4,2024-09-25,784
2089,63,10,2,2024-07-12,52
2090,485,40,2,2024-05-31,136
2091,116,46,3,2024-08-24,90
2092,191,24,2,2024-03-28,240
2093,62,35,2,2024-01-11,378
2094,256,44,4,2024-07-05,760
2095,483,48,1,2024-08-01,121
2096,7,23,1,2024-01-15,120
2097,155,17,3,2024-09-22,102
2098,92,1,4,2024-10-23,464
2099,470,31,1,2024-03-13,51
2100,14,31,4,2024-02-21,204
2101,455,42,1,2024-05-07,130
2102,229,42,4,2024-01-28,520
2103,86,34,3,2024-03-05,45
2104,133,9,2,2024-01-17,388
2105,183,22,3,2024-12-16,465
2106,386,13,1,2024-05-17,53
2107,62,25,3,2024-11-14,129
2108,219,48,2,2024-08-16,242
2109,405,18,3,2024-09-10,231
2110,246,12,1,2024-07-28,135
2111,230,40,1,2024-10-20,68
2112,79,17,3,2024-08-18,102
2113,149,15,2,2024-08-28,308
2114,138,42,3,2024-03-10,390
2115,471,15,2,2024-04-13,308
2116,314,15,4,2024-07-22,616
2117,376,39,2,2024-02-22,386
2118,423,13,4,2024-11-25,212
2119,389,17,3,2024-02-23,102
2120,65,32,2,2024-10-02,356
2121,13,9,4,2024-11-30,776
2122,213,40,4,2024-01-31,272
2123,474,20,4,2024-05-14,304
2124,242,26,1,2024-02-27,120
2125,493,27,3,2024-04-14,51
2126,213,21,4,2024-09-22,472
2127,181,18,2,2024-01-10,154
2128,338,13,4,2024-09-09,212
2129,485,16,1,2024-10-21,22
2130,173,9,3,2024-06-04,582
2131,160,12,1,2024-06-06,135
2132,164,44,1,2024-02-06,190
2133,465,38,1,2024-04-28,196
2134,483,19,2,2024-03-07,294
2135,497,7,3,2024-08-29,111
2136,188,35,3,2024-10-25,567
2137,395,48,2,2024-07-31,242
2138,191,18,3,2024-11-03,231
2139,405,16,1,2024-04-10,22
2140,308,39,3,2024-02-25,579
2141,256,4,2,2024-11-27,248
2142,183,25,1,2024-11-19,43
2143,117,32,2,2024-08-26,356
2144,282,40,4,2024-08-18,272
2145,196,13,1,2024-12-27,53
2146,34,45,1,2024-04-01,159
2147,52,17,3,2024-10-05,102
2148,112,49,1,2024-04-18,13
2149,252,37,2,2024-11-12,146
2150,82,6,3,2024-06-16,384
2151,232,19,4,2024-10-26,588
2152,227,13,2,2024-08-05,106
2153,233,26,4,2024-08-09,480
2154,221,14,4,2024-06-09,136
2155,436,31,4,2024-01-16,204
2156,413,4,1,2024-10-04,124
2157,422,39,2,2024-02-26,386
2158,42,8,2,2024-03-02,96
2159,21,25,1,2024-12-28,43
2160,42,13,3,2024-11-22,159
2161,397,32,4,2024-08-29,712
2162,113,38,2,2024-03-30,392
2163,105,38,1,2024-03-12,196
2164,192,28,4,2024-11-21,708
2165,17,30,3,2024-01-30,276
2166,120,3,3,2024-12-24,141
2167,393,28,4,2024-10-14,708
2168,425,3,3,2024-03-26,141
2169,129,45,2,2024-08-21,318
2170,130,34,2,2024-08-22,30
2171,60,16,2,2024-11-08,44
2172,48,22,3,2024-12-30,465
2173,29,32,2,2024-09-21,356
2174,97,38,1,2024-10-13,196
2175,10,8,2,2024-11-22,96
2176,242,8,2,2024-09-25,96
2177,314,6,3,2024-07-04,384
2178,444,14,2,2024-05-10,68
2179,232,32,4,2024-10-17,712
2180,277,35,1,2024-10-03,189
2181,284,10,3,2024-11-15,78
2182,203,3,1,2024-12-16,47
2183,247,12,4,2024-06-28,540
2184,290,49,3,2024-10-16,39
2185,264,31,3,2024-06-11,153
2186,443,29,2,2024-09-27,244
2187,214,5,1,2024-04-05,24
2188,200,25,4,2024-09-18,172
2189,433,41,4,2024-12-30,472
2190,79,31,3,2024-12-18,153
2191,401,21,2,2024-10-14,236
2192,444,20,3,2024-03-23,228
2193,343,39,3,2024-08-12,579
2194,344,22,3,2024-08-10,465
2195,173,4,3,2024-04-27,372
2196,467,13,4,2024-07-10,212
2197,69,45,4,2024-03-19,636
2198,416,42,3,2024-03-18,390
2199,428,50,3,2024-05-26,309
2200,449,49,2,2024-04-16,26
2201,87,20,3,2024-09-27,228
2202,101,13,4,2024-08-31,212
2203,8,17,1,2024-03-13,34
2204,333,36,4,2024-12-22,140
2205,200,33,2,2024-12-19,220
2206,87,1,4,2024-01-26,464
2207,43,15,1,2024-07-28,154
2208,385,13,3,2024-04-01,159
2209,109,17,1,2024-05-04,34
2210,435,24,3,2024-03-13,360
2211,408,8,3,2024-05-02,144
2212,483,50,4,2024-11-04,412
2213,152,27,4,2024-07-02,68
2214,17,45,4,2024-07-05,636
2215,133,23,2,2024-07-16,240
2216,148,46,4,2024-03-18,120
2217,277,8,2,2024-12-13,96
2218,232,8,4,2024-07-04,192
2219,314,26,3,2024-12-09,360
2220,415,47,2,2024-09-09,158
2221,366,13,1,2024-01-13,53
2222,228,39,2,2024-10-25,386
2223,139,37,2,2024-03-16,146
2224,436,49,1,2024-02-20,13
2225,399,28,2,2024-10-01,354
2226,211,25,3,2024-05-28,129
2227,391,16,4,2024-08-06,88
2228,499,2,1,2024-05-01,27
2229,28,18,4,2024-07-29,308
2230,51,17,3,2024-10-06,102
2231,491,30,1,2024-01-26,92
2232,442,39,4,2024-06-21,772
2233,261,13,4,2024-06-04,212
2234,261,32,3,2024-08-25,534
2235,350,50,4,2024-03-22,412
2236,352,29,3,2024-12-21,366
2237,8,46,2,2024-09-29,60
2238,320,30,3,2024-03-08,276
2239,138,18,2,2024-02-13,154
2240,38,13,1,2024-03-01,53
2241,111,43,4,2024-05-02,168
2242,480,21,3,2024-12-14,354
2243,368,30,3,2024-07-14,276
2244,220,21,4,2024-11-25,472
2245,337,48,4,2024-11-18,484
2246,223,17,1,2024-04-20,34
2247,136,40,1,2024-09-14,68
2248,256,19,3,2024-03-29,441
2249,360,15,1,2024-07-16,154
2250,409,9,2,2024-10-08,388
2251,329,10,1,2024-07-18,26
2252,450,44,1,2024-04-08,190
2253,463,31,3,2024-01-27,153
2254,434,23,2,2024-03-29,240
2255,451,30,1,2024-05-25,92
2256,49,33,2,2024-06-30,220
2257,292,9,2,2024-09-13,388
2258,382,47,2,2024-07-07,158
2259,324,1,4,2024-08-27,464
2260,78,44,4,2024-12-24,760
2261,105,35,4,2024-07-14,756
2262,169,11,4,2024-10-23,380
2263,217,34,3,2024-06-13,45
2264,378,16,1,2024-11-02,22
2265,119,9,4,2024-09-27,776
2266,190,32,3,2024-01-08,534
2267,255,15,1,2024-02-07,154
2268,370,12,4,2024-04-23,540
2269,266,33,1,2024-12-04,110
2270,149,45,4,2024-02-25,636
2271,164,14,3,2024-12-24,102
2272,140,8,2,2024-05-17,96
2273,347,8,2,2024-04-11,96
2274,488,27,1,2024-11-29,17
2275,258,12,3,2024-06-25,405
2276,374,1,2,2024-06-17,232
2277,269,43,4,2024-12-04,168
2278,181,40,2,2024-10-12,136
2279,160,42,1,2024-09-17,130
2280,351,11,1,2024-08-10,95
2281,400,39,3,2024-07-17,579
2282,288,43,1,2024-07-29,42
2283,288,31,2,2024-10-13,102
2284,380,17,2,2024-06-28,68
2285,226,33,2,2024-09-06,220
2286,11,32,2,2024-08-18,356
2287,10,29,3,2024-01-23,366
2288,271,21,4,2024-02-17,472
2289,273,21,4,2024-04-18,472
2290,424,40,3,2024-10-22,204
2291,402,23,1,2024-01-06,120
2292,183,6,4,2024-02-07,512
2293,457,22,1,2024-06-17,155
2294,153,50,4,2024-12-21,412
2295,488,38,1,2024-10-09,196
2296,315,37,3,2024-07-21,219
2297,334,45,2,2024-11-20,318
2298,124,8,1,2024-11-08,48
2299,473,41,2,2024-09-29,236
2300,114,49,1,2024-08-31,13
2301,278,35,1,2024-11-22,189
2302,500,11,1,2024-02-16,95
2303,414,24,1,2024-09-05,120
2304,468,49,1,2024-03-19,13
2305,213,21,2,2024-04-19,236
2306,172,2,1,2024-01-13,27
2307,288,40,2,2024-12-30,136
2308,435,19,3,2024-03-30,441
2309,174,39,4,2024-12-07,772
2310,113,28,1,2024-12-13,177
2311,376,17,4,2024-10-06,136
2312,405,6,2,2024-08-08,256
2313,483,19,3,2024-03-13,441
2314,122,38,3,2024-08-21,588
2315,32,28,3,2024-09-16,531
2316,222,2,4,2024-04-22,108
2317,119,38,2,2024-02-15,392
2318,39,37,1,2024-09-30,73
2319,497,4,1,2024-02-12,124
2320,268,22,2,2024-07-26,310
2321,233,26,4,2024-12-14,480
2322,431,49,1,2024-04-12,13
2323,18,43,2,2024-05-03,84
2324,149,36,1,2024-01-10,35
2325,397,13,3,2024-11-24,159
2326,149,32,1,2024-07-05,178
2327,126,17,4,2024-01-31,136
2328,392,41,2,2024-06-04,236
2329,302,36,4,2024-02-29,140
2330,360,46,2,2024-09-05,60
2331,238,19,3,2024-09-26,441
2332,135,35,2,2024-08-04,378
2333,151,46,1,2024-01-02,30
2334,236,40,1,2024-01-24,68
2335,224,28,3,2024-07-24,531
2336,203,1,2,2024-11-15,232
2337,256,42,3,2024-07-17,390
2338,86,18,1,2024-12-21,77
2339,150,48,4,2024-04-23,484
2340,235,40,3,2024-10-06,204
2341,345,33,4,2024-06-03,440
2342,22,12,4,2024-06-13,540
2343,348,8,2,2024-08-09,96
2344,285,24,3,2024-03-31,360
2345,269,16,4,2024-06-15,88
2346,466,50,4,2024-07-25,412
2347,258,4,2,2024-10-08,248
2348,29,38,2,2024-03-05,392
2349,213,44,1,2024-01-04,190
2350,463,27,4,2024-06-05,68
2351,436,9,1,2024-09-05,194
2352,283,47,4,2024-09-13,316
2353,50,16,1,2024-08-22,22
2354,95,12,2,2024-11-01,270
2355,463,31,3,2024-03-14,153
2356,499,24,2,2024-07-05,240
2357,407,14,1,2024-03-02,34
2358,88,45,1,2024-12-02,159
2359,44,25,3,2024-06-12,129
2360,461,34,4,2024-02-25,60
2361,278,3,1,2024-04-20,47
2362,171,24,1,2024-08-05,120
2363,421,42,1,2024-08-27,130
2364,189,9,3,2024-01-21,582
2365,353,26,2,2024-05-20,240
2366,184,20,1,2024-09-21,76
2367,3,40,3,2024-05-18,204
2368,191,10,1,2024-03-10,26
2369,118,19,4,2024-04-27,588
2370,19,3,3,2024-07-16,141
2371,23,24,1,2024-07-23,120
2372,413,5,3,2024-08-01,72
2373,30,3,1,2024-02-25,47
2374,295,27,2,2024-10-13,34
2375,108,16,1,2024-10-19,22
2376,367,49,3,2024-06-23,39
2377,281,15,4,2024-12-12,616
2378,128,35,4,2024-05-07,756
2379,229,12,4,2024-11-20,540
2380,111,41,1,2024-10-18,118
2381,136,44,2,2024-10-14,380
2382,362,26,1,2024-08-13,120
2383,186,47,4,2024-03-04,316
2384,144,34,3,2024-02-17,45
2385,72,23,4,2024-07-20,480
2386,129,31,3,2024-12-02,153
2387,364,50,2,2024-02-29,206
2388,261,20,3,2024-09-13,228
2389,3,12,1,2024-03-05,135
2390,449,23,1,2024-08-26,120
2391,388,4,1,2024-10-15,124
2392,104,23,3,2024-02-07,360
2393,483,48,1,2024-01-25,121
2394,224,48,1,2024-02-28,121
2395,320,1,1,2024-12-22,116
2396,362,25,2,2024-10-23,86
2397,354,2,3,2024-06-06,81
2398,491,30,3,2024-02-26,276
2399,473,3,4,2024-02-17,188
2400,10,21,3,2024-11-23,354
2401,405,25,2,2024-02-25,86
2402,384,20,3,2024-03-05,228
2403,302,49,2,2024-09-24,26
2404,231,22,2,2024-03-09,310
2405,219,21,3,2024-08-03,354
2406,411,33,4,2024-03-29,440
2407,66,38,1,2024-10-07,196
2408,425,15,1,2024-09-13,154
2409,112,46,3,2024-06-08,90
2410,13,15,3,2024-08-21,462
2411,393,46,2,2024-05-10,60
2412,500,25,3,2024-02-18,129
2413,420,21,2,2024-05-26,236
2414,86,24,4,2024-11-11,480
2415,234,5,3,2024-01-02,72
2416,90,6,1,2024-11-24,128
2417,314,49,1,2024-05-24,13
2418,54,43,3,2024-03-01,126
2419,12,48,2,2024-09-29,242
2420,209,44,1,2024-02-18,190
2421,462,47,2,2024-11-27,158
2422,14,23,3,2024-05-10,360
2423,121,4,3,2024-02-12,372
2424,418,27,1,2024-02-26,17
2425,437,18,3,2024-02-19,231
2426,377,21,4,2024-06-26,472
2427,20,28,4,2024-10-19,708
2428,75,35,1,2024-02-15,189
2429,400,22,4,2024-06-18,620
2430,243,40,2,2024-09-27,136
2431,223,23,1,2024-12-01,120
2432,70,3,1,2024-05-18,47
2433,312,40,2,2024-09-03,136
2434,211,50,4,2024-05-27,412
2435,101,10,4,2024-08-17,104
2436,186,25,4,2024-10-06,172
2437,132,49,1,2024-05-04,13
2438,111,8,1,2024-07-10,48
2439,381,11,4,2024-03-20,380
2440,132,5,3,2024-04-03,72
2441,20,45,4,2024-08-13,636
2442,394,37,2,2024-03-05,146
2443,24,45,1,2024-03-28,159
2444,227,38,2,2024-03-28,392
2445,154,29,2,2024-07-19,244
2446,293,5,1,2024-08-01,24
2447,230,9,3,2024-07-22,582
2448,469,48,4,2024-03-29,484
2449,310,2,2,2024-03-01,54
2450,488,1,1,2024-09-27,116
2451,359,40,2,2024-04-03,136
2452,405,30,4,2024-11-02,368
2453,202,11,3,2024-01-27,285
2454,38,28,3,2024-08-01,531
2455,430,44,3,2024-03-14,570
2456,260,12,1,2024-03-01,135
2457,188,39,1,2024-07-04,193
2458,57,26,3,2024-01-31,360
2459,429,13,4,2024-08-06,212
2460,20,8,4,2024-01-12,192
2461,273,28,1,2024-10-28,177
2462,119,30,3,2024-02-01,276
2463,71,9,4,2024-06-08,776
2464,4,39,4,2024-08-24,772
2465,221,31,4,2024-08-14,204
2466,14,21,1,2024-06-29,118
2467,3,47,3,2024-11-12,237
2468,216,34,2,2024-02-15,30
2469,229,31,3,2024-12-06,153
2470,336,25,3,2024-03-20,129
2471,186,12,1,2024-05-14,135
2472,55,1,4,2024-09-16,464
2473,500,22,4,2024-11-03,620
2474,388,40,1,2024-09-03,68
2475,376,37,1,2024-06-07,73
2476,254,47,1,2024-07-21,79
2477,24,1,1,2024-04-21,116
2478,162,1,1,2024-10-18,116
2479,158,42,2,2024-11-05,260
2480,82,42,3,2024-04-28,390
2481,403,21,3,2024-01-17,354
2482,159,15,3,2024-11-26,462
2483,188,17,4,2024-08-14,136
2484,60,22,2,2024-12-26,310
2485,403,38,3,2024-04-26,588
2486,305,35,4,2024-02-12,756
2487,319,45,2,2024-04-24,318
2488,366,16,2,2024-10-09,44
2489,211,8,4,2024-02-06,192
2490,406,47,2,2024-10-28,158
2491,152,17,4,2024-04-22,136
2492,109,17,3,2024-02-04,102
2493,76,26,4,2024-05-11,480
2494,30,13,2,2024-12-01,106
2495,314,17,3,2024-12-01,102
2496,486,38,3,2024-08-15,588
2497,117,17,1,2024-05-26,34
2498,415,48,1,2024-05-01,121
2499,356,14,2,2024-03-21,68
2500,192,45,4,2024-06-21,636
2501,19,6,4,2024-06-02,512
2502,432,35,2,2024-05-29,378
2503,173,46,3,2024-02-27,90
2504,228,14,2,2024-03-03,68
2505,350,47,2,2024-06-04,158
2506,183,8,3,2024-12-21,144
2507,113,15,4,2024-11-17,616
2508,183,27,2,2024-06-16,34
2509,481,13,4,2024-06-14,212
2510,146,49,2,2024-03-25,26
2511,319,31,3,2024-05-16,153
2512,116,35,3,2024-07-07,567
2513,113,6,1,2024-01-02,128
2514,251,5,3,2024-04-15,72
2515,476,22,1,2024-12-29,155
2516,251,49,2,2024-03-12,26
2517,303,23,4,2024-05-05,480
2518,459,25,3,2024-06-18,129
2519,313,34,3,2024-07-23,45
2520,118,26,3,2024-11-08,360
2521,301,47,2,2024-12-02,158
2522,161,5,1,2024-07-13,24
2523,401,26,2,2024-06-06,240
2524,198,20,4,2024-05-20,304
2525,260,6,2,2024-10-01,256
2526,148,6,4,2024-01-07,512
2527,240,50,3,2024-02-23,309
2528,47,18,4,2024-04-13,308
2529,475,4,4,2024-12-07,496
2530,399,17,1,2024-12-03,34
2531,198,14,4,2024-03-01,136
2532,47,14,4,2024-03-27,136
2533,78,13,2,2024-09-14,106
2534,124,7,3,2024-06-26,111
2535,75,44,2,2024-08-29,380
2536,359,15,2,2024-07-21,308
2537,137,19,3,2024-01-31,441
2538,90,43,3,2024-10-15,126
2539,400,47,4,2024-03-20,316
2540,325,44,4,2024-01-11,760
2541,500,35,1,2024-09-10,189
2542,61,17,2,2024-10-13,68
2543,138,35,3,2024-06-24,567
2544,50,19,4,2024-05-05,588
2545,259,20,3,2024-02-16,228
2546,461,36,4,2024-07-24,140
2547,107,35,1,2024-04-16,189
2548,113,32,1,2024-10-01,178
2549,350,48,3,2024-12-02,363
2550,254,44,1,2024-05-02,190
2551,118,40,3,2024-05-13,204
2552,493,24,4,2024-04-16,480
2553,198,17,2,2024-10-31,68
2554,337,7,1,2024-11-24,37
2555,365,43,4,2024-02-19,168
2556,51,50,2,2024-12-02,206
2557,245,1,2,2024-04-04,232
2558,403,35,2,2024-09-24,378
2559,426,32,4,2024-01-23,712
2560,35,36,4,2024-02-23,140
2561,302,13,3,2024-09-10,159
2562,410,6,2,2024-08-22,256
2563,499,14,2,2024-02-28,68
2564,69,37,2,2024-06-12,146
2565,349,48,3,2024-09-15,363
2566,320,15,2,2024-11-09,308
2567,421,47,4,2024-08-03,316
2568,468,4,2,2024-07-01,248
2569,49,40,1,2024-02-26,68
2570,405,16,4,2024-05-24,88
2571,74,28,3,2024-03-30,531
2572,192,16,2,2024-11-06,44
2573,261,4,1,2024-02-14,124
2574,356,45,3,2024-09-13,477
2575,70,26,3,2024-01-21,360
2576,90,28,4,2024-01-21,708
2577,260,32,3,2024-02-21,534
2578,126,45,3,2024-12-03,477
2579,231,2,3,2024-06-19,81
2580,295,31,3,2024-03-07,153
2581,498,3,2,2024-04-22,94
2582,419,8,2,2024-10-26,96
2583,129,24,2,2024-06-08,240
2584,280,15,2,2024-09-22,308
2585,313,43,1,2024-11-15,42
2586,100,31,2,2024-08-19,102
2587,326,9,3,2024-11-20,582
2588,297,39,2,2024-03-08,386
2589,182,45,2,2024-01-28,318
2590,174,2,4,2024-04-25,108
2591,316,8,3,2024-02-20,144
2592,364,7,2,2024-06-29,74
2593,188,44,2,2024-09-16,380
2594,57,39,2,2024-03-19,386
2595,31,42,1,2024-09-29,130
2596,84,16,2,2024-04-17,44
2597,152,35,4,2024-03-14,756
2598,473,30,3,2024-06-23,276
2599,36,10,3,2024-07-02,78
2600,213,38,2,2024-01-23,392
2601,414,18,2,2024-09-30,154
2602,408,50,2,2024-05-08,206
2603,364,5,3,2024-10-17,72
2604,106,29,3,2024-11-15,366
2605,414,39,1,2024-07-04,193
2606,342,34,4,2024-02-28,60
2607,220,43,1,2024-01-01,42
2608,391,45,4,2024-05-10,636
2609,163,23,1,2024-03-07,120
2610,439,5,3,2024-10-19,72
2611,220,30,1,2024-10-11,92
2612,270,6,4,2024-03-29,512
2613,120,46,2,2024-04-09,60
2614,394,44,4,2024-07-07,760
2615,336,4,2,2024-12-11,248
2616,400,29,3,2024-08-28,366
2617,182,23,4,2024-09-26,480
2618,479,6,1,2024-08-06,128
2619,106,32,4,2024-06-24,712
2620,217,42,2,2024-12-06,260
2621,205,18,3,2024-08-20,231
2622,70,15,1,2024-05-30,154
2623,44,40,4,2024-10-03,272
2624,329,32,2,2024-08-16,356
2625,301,9,1,2024-06-19,194
2626,228,37,3,2024-08-10,219
2627,184,10,1,2024-07-31,26
2628,107,20,3,2024-10-08,228
2629,84,6,1,2024-02-10,128
2630,338,48,4,2024-05-01,484
2631,250,3,2,2024-08-14,94
2632,363,42,4,2024-10-20,520
2633,441,11,4,2024-03-28,380
2634,21,43,3,2024-09-23,126
2635,196,17,3,2024-01-29,102
2636,178,32,3,2024-09-03,534
2637,417,4,4,2024-11-11,496
2638,475,4,1,2024-08-31,124
2639,7,17,1,2024-03-01,34
2640,70,41,4,2024-05-26,472
2641,127,19,4,2024-06-22,588
2642,399,5,2,2024-10-04,48
2643,466,32,3,2024-11-29,534
2644,160,22,3,2024-05-21,465
2645,248,6,4,2024-02-13,512
2646,203,35,4,2024-05-23,756
2647,148,22,1,2024-12-18,155
2648,472,1,4,2024-11-28,464
2649,143,20,1,2024-02-24,76
2650,432,22,4,2024-11-02,620
2651,199,48,2,2024-12-23,242
2652,405,11,2,2024-06-09,190
2653,426,13,1,2024-10-11,53
2654,154,42,3,2024-11-20,390
2655,492,3,2,2024-07-16,94
2656,376,9,1,2024-06-07,194
2657,384,12,4,2024-03-20,540
2658,142,23,4,2024-01-31,480
2659,313,14,1,2024-04-21,34
2660,165,33,3,2024-02-15,330
2661,314,18,1,2024-12-18,77
2662,21,49,1,2024-07-23,13
2663,82,41,2,2024-02-21,236
2664,69,9,1,2024-05-17,194
2665,131,23,1,2024-03-14,120
2666,87,10,4,2024-02-10,104
2667,218,19,2,2024-03-17,294
2668,421,47,4,2024-07-05,316
2669,472,5,4,2024-02-21,96
2670,305,47,3,2024-03-27,237
2671,403,23,3,2024-04-18,360
2672,371,30,2,2024-08-12,184
2673,345,25,2,2024-09-04,86
2674,341,28,3,2024-03-09,531
2675,384,34,3,2024-04-29,45
2676,396,45,3,2024-03-07,477
2677,445,48,3,2024-03-01,363
2678,425,47,3,2024-11-22,237
2679,161,25,4,2024-07-09,172
2680,178,10,2,2024-07-07,52
2681,117,14,4,2024-05-30,136
2682,196,42,4,2024-10-12,520
2683,383,46,1,2024-04-05,30
2684,490,30,4,2024-11-07,368
2685,327,41,3,2024-11-04,354
2686,86,25,3,2024-09-19,129
2687,289,14,1,2024-04-06,34
2688,81,35,1,2024-04-22,189
2689,152,48,1,2024-05-04,121
2690,61,34,1,2024-05-11,15
2691,61,10,1,2024-04-30,26
2692,354,35,4,2024-07-15,756
2693,28,11,1,2024-10-20,95
2694,442,11,4,2024-05-01,380
2695,43,21,2,2024-10-08,236
2696,169,21,1,2024-09-16,118
2697,423,22,1,2024-02-08,155
2698,86,45,4,2024-02-23,636
2699,177,7,2,2024-06-09,74
2700,17,17,4,2024-10-15,136
2701,98,2,4,2024-07-18,108
2702,454,12,1,2024-10-02,135
2703,494,42,3,2024-01-16,390
2704,198,18,3,2024-06-21,231
2705,98,11,4,2024-09-04,380
2706,65,16,1,2024-08-05,22
2707,330,49,2,2024-03-27,26
2708,341,18,3,2024-03-22,231
2709,5,35,2,2024-03-02,378
2710,2,26,3,2024-10-13,360
2711,22,16,1,2024-02-11,22
2712,112,6,4,2024-01-12,512
2713,57,44,2,2024-11-16,380
2714,66,43,2,2024-08-21,84
2715,330,47,4,2024-11-24,316
2716,98,47,2,2024-05-10,158
2717,144,48,3,2024-04-24,363
2718,368,42,4,2024-08-05,520
2719,435,12,3,2024-05-16,405
2720,125,13,3,2024-04-15,159
2721,167,4,1,2024-06-27,124
2722,86,39,3,2024-01-16,579
2723,76,2,1,2024-08-29,27
2724,344,26,2,2024-11-29,240
2725,495,27,2,2024-08-13,34
2726,424,27,1,2024-08-29,17
2727,294,15,3,2024-05-20,462
2728,444,8,4,2024-07-17,192
2729,59,7,4,2024-04-21,148
2730,138,47,1,2024-05-06,79
2731,99,46,2,2024-01-21,60
2732,192,40,2,2024-05-26,136
2733,243,12,4,2024-03-29,540
2734,319,13,1,2024-10-29,53
2735,49,43,4,2024-07-21,168
2736,448,17,3,2024-03-25,102
2737,32,17,3,2024-06-15,102
2738,391,36,1,2024-03-12,35
2739,277,21,1,2024-10-24,118
2740,20,8,3,2024-01-09,144
2741,154,5,2,2024-10-07,48
2742,383,26,1,2024-09-14,120
2743,68,16,3,2024-10-01,66
2744,366,36,3,2024-08-25,105
2745,372,28,2,2024-01-20,354
2746,214,29,2,2024-08-20,244
2747,143,47,2,2024-08-08,158
2748,376,12,2,2024-11-21,270
2749,232,37,4,2024-01-17,292
2750,213,30,2,2024-03-29,184
2751,79,23,4,2024-07-14,480
2752,214,16,1,2024-12-15,22
2753,116,14,3,2024-03-24,102
2754,92,10,4,2024-03-27,104
2755,270,7,1,2024-11-02,37
2756,411,45,1,2024-12-03,159
2757,381,37,4,2024-06-02,292
2758,489,29,1,2024-08-15,122
2759,168,3,1,2024-09-20,47
2760,58,15,4,2024-08-10,616
2761,284,36,1,2024-04-30,35
2762,26,47,2,2024-06-21,158
2763,369,46,2,2024-01-04,60
2764,447,19,3,2024-12-07,441
2765,66,13,1,2024-05-07,53
2766,409,42,3,2024-04-19,390
2767,248,21,2,2024-12-20,236
2768,254,37,2,2024-02-06,146
2769,387,27,2,2024-03-11,34
2770,456,29,1,2024-10-15,122
2771,44,20,1,2024-01-31,76
2772,97,25,2,2024-09-24,86
2773,42,6,3,2024-01-11,384
2774,500,36,3,2024-12-09,105
2775,227,2,4,2024-11-23,108
2776,262,22,2,2024-02-01,310
2777,167,32,3,2024-02-26,534
2778,436,16,2,2024-06-14,44
2779,279,18,3,2024-07-06,231
2780,89,5,4,2024-12-07,96
2781,379,36,4,2024-01-19,140
2782,178,30,2,2024-04-25,184
2783,427,45,3,2024-07-02,477
2784,403,19,1,2024-09-26,147
2785,197,23,4,2024-02-02,480
2786,307,34,2,2024-01-10,30
2787,267,13,2,2024-03-20,106
2788,268,43,3,2024-07-10,126
2789,74,29,2,2024-11-15,244
2790,8,36,4,2024-07-08,140
2791,408,22,2,2024-03-08,310
2792,476,47,2,2024-12-13,158
2793,297,36,1,2024-05-04,35
2794,164,9,1,2024-12-01,194
2795,485,39,4,2024-02-28,772
2796,85,19,3,2024-04-06,441
2797,72,38,1,2024-10-01,196
2798,55,6,3,2024-05-28,384
2799,393,47,4,2024-10-04,316
2800,47,15,1,2024-09-21,154
2801,399,20,3,2024-01-09,228
2802,432,9,1,2024-10-09,194
2803,238,32,4,2024-09-29,712
2804,104,4,4,2024-10-27,496
2805,210,50,1,2024-01-08,103
2806,42,18,3,2024-07-26,231
2807,316,5,2,2024-05-04,48
2808,468,20,2,2024-05-02,152
2809,454,23,1,2024-02-02,120
2810,268,11,3,2024-01-01,285
2811,386,37,2,2024-07-22,146
2812,263,22,4,2024-01-06,620
2813,336,4,3,2024-10-23,372
2814,387,29,2,2024-01-05,244
2815,365,44,3,2024-03-20,570
2816,259,34,1,2024-09-30,15
2817,283,13,3,2024-06-25,159
2818,114,42,2,2024-12-03,260
2819,363,9,1,2024-11-16,194
2820,40,42,3,2024-12-04,390
2821,486,31,4,2024-05-15,204
2822,417,7,2,2024-01-25,74
2823,220,4,1,2024-11-20,124
2824,129,19,3,2024-07-01,441
2825,8,42,4,2024-06-16,520
2826,101,30,2,2024-12-03,184
2827,416,31,4,2024-06-26,204
2828,380,35,3,2024-04-04,567
2829,176,21,3,2024-02-02,354
2830,107,31,1,2024-04-20,51
2831,101,19,4,2024-05-25,588
2832,260,31,1,2024-08-18,51
2833,478,32,2,2024-09-28,356
2834,454,2,1,2024-12-01,27
2835,366,10,2,2024-02-07,52
2836,246,2,3,2024-05-14,81
2837,275,2,3,2024-11-29,81
2838,32,24,4,2024-08-22,480
2839,137,17,2,2024-11-14,68
2840,12,32,3,2024-12-10,534
2841,395,16,4,2024-06-08,88
2842,302,16,4,2024-02-07,88
2843,375,46,1,2024-05-29,30
2844,16,39,4,2024-11-03,772
2845,129,31,3,2024-01-29,153
2846,63,43,1,2024-05-23,42
2847,109,24,2,2024-03-16,240
2848,375,1,2,2024-05-24,232
2849,21,11,3,2024-08-16,285
2850,158,21,3,2024-03-04,354
2851,269,4,1,2024-12-12,124
2852,162,7,1,2024-12-10,37
2853,260,26,3,2024-09-25,360
2854,412,47,3,2024-11-23,237
2855,102,50,2,2024-07-02,206
2856,223,12,2,2024-09-17,270
2857,59,31,2,2024-09-24,102
2858,247,17,3,2024-06-17,102
2859,128,33,4,2024-09-15,440
2860,283,11,3,2024-08-14,285
2861,325,28,3,2024-02-02,531
2862,25,32,2,2024-08-01,356
2863,131,1,3,2024-02-19,348
2864,353,47,1,2024-07-28,79
2865,196,28,3,2024-01-29,531
2866,281,42,3,2024-02-08,390
2867,404,7,3,2024-12-12,111
2868,418,2,3,2024-04-09,81
2869,154,42,4,2024-06-21,520
2870,382,24,3,2024-01-17,360
2871,133,4,1,2024-02-25,124
2872,227,44,1,2024-08-13,190
2873,189,19,3,2024-02-15,441
2874,476,26,2,2024-03-07,240
2875,477,11,4,2024-07-15,380
2876,265,40,3,2024-05-21,204
2877,372,50,3,2024-11-18,309
2878,486,43,3,2024-01-23,126
2879,434,11,2,2024-04-03,190
2880,134,45,2,2024-08-29,318
2881,211,3,2,2024-08-24,94
2882,60,12,4,2024-02-23,540
2883,428,3,1,2024-05-17,47
2884,377,42,4,2024-11-28,520
2885,395,27,2,2024-09-28,34
2886,450,49,1,2024-02-10,13
2887,431,2,1,2024-04-07,27
2888,364,49,2,2024-07-01,26
2889,364,16,2,2024-05-07,44
2890,457,2,4,2024-08-16,108
2891,213,30,2,2024-11-12,184
2892,216,20,1,2024-03-26,76
2893,226,38,3,2024-09-12,588
2894,470,28,2,2024-07-27,354
2895,131,25,2,2024-08-02,86
2896,76,32,4,2024-04-09,712
2897,476,10,4,2024-02-18,104
2898,286,42,2,2024-07-19,260
2899,474,40,1,2024-09-14,68
2900,496,33,1,2024-06-26,110
2901,277,13,3,2024-09-01,159
2902,156,41,2,2024-05-02,236
2903,248,42,4,2024-12-07,520
2904,218,47,1,2024-06-19,79
2905,190,37,3,2024-11-28,219
2906,417,16,2,2024-05-15,44
2907,469,45,1,2024-02-28,159
2908,163,22,2,2024-07-11,310
2909,180,20,2,2024-09-24,152
2910,34,50,1,2024-09-16,103
2911,41,43,1,2024-04-04,42
2912,307,27,1,2024-05-04,17
2913,431,41,2,2024-02-10,236
2914,338,16,2,2024-09-10,44
2915,314,34,3,2024-01-07,45
2916,75,32,4,2024-08-03,712
2917,441,26,2,2024-03-09,240
2918,279,25,4,2024-03-09,172
2919,176,2,1,2024-03-21,27
2920,384,12,2,2024-01-30,270
2921,150,40,3,2024-03-13,204
2922,273,9,3,2024-09-18,582
2923,325,12,4,2024-03-29,540
2924,108,26,1,2024-07-26,120
2925,139,9,4,2024-07-31,776
2926,350,10,1,2024-11-17,26
2927,271,32,3,2024-09-22,534
2928,347,34,4,2024-10-19,60
2929,419,48,3,2024-07-25,363
2930,289,20,3,2024-11-28,228
2931,212,39,1,2024-03-17,193
2932,381,2,4,2024-10-14,108
2933,272,1,4,2024-02-16,464
2934,418,36,3,2024-04-19,105
2935,66,24,3,2024-07-18,360
2936,483,27,1,2024-07-28,17
2937,424,2,2,2024-06-02,54
2938,248,31,2,2024-01-10,102
2939,156,14,3,2024-12-18,102
2940,47,2,2,2024-06-05,54
2941,423,29,2,2024-09-17,244
2942,454,15,2,2024-03-17,308
2943,201,12,2,2024-09-13,270
2944,148,37,3,2024-05-10,219
2945,124,28,2,2024-03-07,354
2946,1,20,2,2024-08-15,152
2947,456,39,1,2024-06-11,193
2948,247,24,3,2024-01-15,360
2949,343,21,4,2024-08-19,472
2950,128,10,4,2024-07-13,104
2951,191,46,1,2024-12-14,30
2952,67,14,1,2024-01-30,34
2953,4,37,3,2024-12-24,219
2954,442,18,4,2024-12-03,308
2955,409,24,2,2024-11-26,240
2956,303,14,1,2024-11-11,34
2957,294,34,4,2024-10-22,60
2958,143,12,3,2024-11-25,405
2959,191,22,2,2024-08-07,310
2960,21,6,3,2024-05-26,384
2961,227,36,1,2024-09-15,35
2962,313,45,4,2024-10-18,636
2963,117,36,4,2024-10-25,140
2964,437,22,4,2024-05-22,620
2965,302,14,4,2024-08-22,136
2966,500,16,2,2024-04-24,44
2967,142,36,2,2024-12-30,70
2968,484,25,3,2024-03-30,129
2969,460,32,2,2024-07-26,356
2970,401,33,1,2024-06-12,110
2971,39,45,1,2024-03-24,159
2972,393,36,4,2024-03-17,140
2973,355,20,1,2024-06-09,76
2974,252,18,3,2024-01-05,231
2975,333,38,2,2024-03-18,392
2976,207,3,2,2024-03-31,94
2977,210,23,2,2024-03-27,240
2978,115,32,1,2024-09-26,178
2979,225,45,2,2024-04-13,318
2980,134,16,4,2024-12-04,88
2981,251,5,4,2024-06-23,96
2982,219,4,4,2024-02-23,496
2983,407,21,1,2024-07-29,118
2984,443,40,2,2024-04-04,136
2985,91,14,1,2024-08-10,34
2986,354,39,2,2024-01-09,386
2987,376,31,3,2024-02-22,153
2988,46,14,3,2024-03-17,102
2989,38,6,1,2024-07-24,128
2990,142,12,4,2024-11-11,540
2991,100,16,1,2024-10-28,22
2992,328,17,4,2024-11-05,136
2993,190,45,2,2024-11-25,318
2994,35,23,4,2024-04-21,480
2995,147,14,4,2024-12-16,136
2996,30,7,2,2024-06-13,74
2997,334,46,3,2024-10-05,90
2998,84,32,2,2024-01-27,356
2999,369,15,1,2024-03-10,154
3000,281,44,1,2024-08-05,190
